id,spoken_words,word_count
9549,actually little disease magazines news shows natural think,31
9550,mr bergstrom,3
9551,know sure like talk touch lesson plan teach,22
9552,life worth living,5
9553,polls open end recess case decided thought final statements martin,33
9554,think left,8
9555,bart,1
9556,victory party slide,5
9557,,
9558,mr bergstrom mr bergstrom,4
9559,hey hey moved morning new job took copernicus costume,19
9560,know find,8
9561,think taking train capital city,10
9562,train like traditional environmentally sound,9
9563,yes backbone country leland stanford drove golden spike promontory point,19
9564,touched,6
9565,,
9566,hey thanks vote man,6
9567,vote voting geeks,6
9568,got right thanks vote girls,10
9569,forgot,2
9570,sweat long couple people right milhouse,15
9571,uh oh,2
9572,lewis,1
9573,somebody voted,4
9574,bart vote,7
9575,uh oh,2
9576,,
9577,yayyyyyyyyyyyyyy,1
75766,,
9578,demand recount,4
9579,martin martin like recount,11
9580,,1
9581,want sure martin martin,13
9582,way mister president,4
9583,,
9584,boarding track afternoon delight coming shelbyville parkville,13
9585,mr bergstrom hey mr bergstrom,5
9586,hey lisa,2
9587,hey lisa,3
9588,,4
9589,oh mean going leave like,12
9590,ah sorry lisa know life substitute teacher fraud today wearing gym shorts tomorrow speaking french pretending know run band saw god knows,43
9591,best teacher,10
9592,ah true teachers come,10
9593,oh,2
9594,lie best know need projects capital city,23
9595,need,5
9596,problem middle class anybody cares abandon need,20
9597,understand mr bergstrom going miss,10
9598,tell,4
9599,feel like rely need know,20
9600,thank mr bergstrom,4
9601,aboard,2
9602,guess mind run alongside train speeds life,23
9603,goodbye lisa honey okay read note,10
9604,,
9660,thrown party big bash champagne musicians holy men,22
9605,bart vote oh worst thing happened alright allright spilled milk spilled milk spilled milk mopey,30
9606,,1
9607,lisa tell father,4
9608,mr bergstrom left today,4
9609,oh,1
9610,gone forever,3
9611,,1
9612,think understand,5
9613,hey care mean understand,11
9614,glad crying hate think based emotion sir baboon,29
9615,,1
9616,yes baboon baboon baboon baboon,6
9617,think realize saying,8
9618,baboon,1
9619,whoa somebody bound day believe,16
9620,hear marge called baboon stupidest ugliest smelliest ape,18
9621,homer allowed hurt feelings right little girl upstairs needs confidence father shaken little girl happy faith daddy,40
9622,away,2
9623,lisa hold tell crying called daddy baboon,18
9624,,1
9625,nuts,1
9626,going,6
9627,look want forgive,10
9628,wish knew,11
9629,maybe help lost special hurts lucky lost special special roof,31
9630,,
9661,wedding,4
9662,oh,1
9663,children time bed,9
9631,true lots special people life lisa probably place food real good guys like serving drinks oh maybe explain fix doll house good monkey work know monkey know mean,67
9632,yeah,1
9633,hold nails place tail,10
9634,silly,3
9635,gimme banana,3
9636,banana,5
9637,come holding,7
9638,sorry called baboon dad,8
9639,think,4
9640,hey matter son,5
9641,ah dad milhouse lewis voted,10
9642,hey son gotten money class president,12
9643,,1
9644,extra work,7
9645,yeah,1
9646,martin guy going neat like throw ball world series huh,23
9647,,2
9648,let baby bottle huh motto,11
9649,hey thanks monkey man,3
9650,holy moly talk parenting,4
9651,uh oh,2
9652,sleep maggie ah,7
9653,homie straighten,6
9654,marge let bed biggest roll life,23
9655,,
9656,mmm hors doovers,3
9657,homer promised,3
9658,promised eat lie,8
9659,homer thrown party gon na pay friends invited homes,21
9664,mom want hear witty banter sophisticated adults,12
9665,yeah fun bed,8
9666,oh son older know better,8
9667,hmmm oh baby mmmm yeah,5
9668,oh look,7
9669,look,4
9670,glasses,5
9671,gag ice cubs,7
9672,homer homer record,6
9673,friends names,7
9674,children,2
9675,hey anybody mind serve bartender know mixology,16
9676,college boy,2
9677,hey homer care try flanders planters punch,11
9678,paid,6
9679,hey flanders time little alcohol,13
9680,au contraire simpson shots rum jigger bourbon little dab roo creme de cassis flavor,23
9681,warm sense ssslurring shpeech right,23
9682,homer easy al ky hol remember year winfield party threw laundry hamper,22
9683,,1
9684,,
9685,,
9686,,
9687,hi homer sister law right remember remember beau,17
9688,ow hey jeez,3
9689,new kind mace painful,10
9690,oh dr hibbert enjoying party,6
9691,uh slipped novelty ice cubes fake fly drink,22
9692,fell,7
9693,homer novelty ice cubes highly toxic chemicals ironically real fly sanitary,22
10082,dad,2
9694,look face priceless,10
9695,bart come,4
9696,,1
9697,little monkey little monkey,9
9698,yes sir,2
9699,bart thing cute,9
9700,,1
9701,thing know,7
9702,,1
9703,bed,3
9704,hey everybody look funniest guy world,10
9705,oh homer king,5
9706,wantin tell years nerve,15
9707,homer know wife wife friends met hours ago,18
9708,stink lousy operation stinks quit,11
9709,uh gee homer quit,5
9710,right,3
9711,handful peanuts maude,9
9712,oh sure,2
9713,peanuts ones,8
9714,,
9715,,
9716,hey thanks invitin wonderful time,10
9717,apologize husband,6
9718,want live night suggest roll,17
9719,hmmm thank dr hibbert thanks coming,10
9720,remember said,4
9721,embarrassed life,9
9722,,4
9723,marge,1
9724,come,2
9725,going,4
9726,shhh,1
9727,,
9728,want sure kids hear young hated knowing parents fighting,21
9729,,
9730,fighting car,6
9731,music sends chill spine,9
9732,,
9733,homer remember way acted party night,13
9734,way acted,4
9735,,
9736,said wet clothes dry martini,16
9737,good lord fly drink,8
9738,,4
9739,,2
9740,slipped glass gag,9
9741,pure hilarity,2
9742,pure homer,2
9743,pronounce whimsical jape season,12
9744,,
9745,homer like think patient tolerant woman line cross stop loving night cross line threw,41
9746,sorry honey forget church,12
9747,going church today going stay explain bart scarred life,21
9748,oh mean inside,10
9749,,
9750,night noticed daddy acting little strange probably understand,18
9751,understand wasted,6
9752,admit know sorry happened hope lose lot respect,27
9753,dad respect,15
9754,aw,1
9755,,
9756,sneak preview week sermon announcements new pamphlets available church newsrack including bible bafflers satan boners good grief satan boners teens cool fry hell,50
9757,marge marge,2
9758,sorry lord compete squeaking homer simpson shoes hold takes seat,28
9759,sorry reverend,2
9760,sit homer,3
9761,mrs lovejoy holding annual marriage retreat weekend catfish lake psychological counseling couples marriages hanging thread,29
9762,,
9763,need tune,8
9764,hmmmm,1
9765,wish participate sign way service,18
9766,,
9767,simpsons attending little retreat,8
9768,oh tempting wonderful idea,9
9769,marge insane,8
9770,,3
9771,,
9772,,
9773,marriage encounter weekend come,6
9774,wanna,4
9775,holding catfish lake catfish lake catfish,20
9776,going retreat marriage tune fishing,16
9777,oh babysitter,6
9778,hello mrs simpson,4
9779,simpson simpson,2
9780,come eh,5
9781,oh supposed sitter short notice,14
9782,oh dear find babysitter kick teeth,17
9783,need babysitter half,13
9784,mom dare,4
9785,tone young lady taste hand,20
9786,,3
9787,grampa,1
9788,huh,3
9789,grampa,5
9790,dress,4
9791,wondering think babysit kids weekend ask desperate,20
9792,oh sure resort old grampa feeb guy counted dagnabit agin,26
9793,marge puttin things trunk,10
9794,maggie runs fever number sticks finger electrical socket number drinks pine cleanser,30
9795,list read,8
9796,right right goodbye children behave,9
9797,number grampa falls bathtub,9
9798,heard,3
9799,grampa mom hurry forgot list things lisa,26
9800,uh huh uh huh allowed smoke cigars,7
9801,,
9802,hmmm bait,2
9803,,
9804,whoa better gas,5
9805,fill er guess stretch legs,11
9806,,
9807,ya headed,3
9808,catfish lake,2
9809,oh general sherman ya,6
9810,wait wait minute wait minute general sherman,10
9811,biggest catfish parts,8
9812,oh yeah,2
9813,weighs upwards pounds,9
9814,whoa says,4
9815,,2
9816,oh,1
9817,known picture general exactly freakishly big,20
9818,hmmmm gentlemen going catch general sherman,9
9819,,
9820,supermarket video store grab krusty burger head arcade,18
9821,bart grampa kindly old man trusts sure right advantage,19
9822,lis crazy topsy turvy times right wrong right gut telling bleed gramps dry,23
9823,,
9824,,
9825,ah mr mrs simpson welcome,6
9826,hello reverend glad come oh hello helen,10
9827,hel lo marge,2
9828,homer simpson marriage little spit shine,12
9829,business flanders,5
9830,uh uh reverend gon na chance fishing,14
9831,oh afraid marriage reconciled hours homer takes weekend,22
9832,oh,1
9833,bait hooks honesty way happy marriage wo got away,19
9834,understand bowling expressions,7
9835,ah couples best turnout room introduce tell little bit john gloria,31
9836,gloria johnny boy able cut manwise time want odor gin sour defeat pressed,32
9837,gloria,3
9838,thank gloria john tell little,15
9839,cooks keeps filthy house talks profanely queen harpies,18
9840,,3
9841,queen harpies,4
9842,,3
9843,crown majesty,5
9844,away swine,5
9845,queen harpies,4
9846,come right place want look eyes,16
9847,eyes forgotten beautiful,8
9848,let fight,4
9849,fools argue,5
9850,let talk,5
9851,let talk,5
9852,remember saving lives bringing happiness pass collection plate week right ned maude brings,25
9853,,1
9854,neddie,3
9855,maude god bless underlines passages bible find,16
9856,lucky guns house,8
9857,homer,5
9858,ohhh got drunk looked dress,10
9859,homer marge going tell faults tell,19
9860,perfect,2
9861,come homer faults,7
9862,annoying,6
9863,oh homer,2
9864,marge interrupt turn,8
9865,,2
9866,okay marge,2
9867,love guy sticking self centered,21
9868,homer,2
9869,forgets birthdays anniversaries holidays religious secular chews mouth open gambles hangs seedy bar bums lowlifes,30
9870,true true,5
9871,homer interrupt,3
9872,sorry,1
9873,blows nose towels puts middle,14
9874,couple times,8
9875,,
9876,half gallon chocolate,5
9877,check,1
9878,half gallon chocolate brownie fudge,7
9879,check,1
9880,half gallon chocolate chocolate chocolate chocolate chip,9
9881,check,1
9882,mom write shopping list,8
9883,grampa question,4
9884,lis,3
9885,sprinkles syrup,3
9886,hey grampa aisle step,8
9887,right cigar,8
9888,,
9889,drinks carton changes baby goes sleep makes chewing noises wakes makes honking noises oh oh scratches keys guess oh wait kicks sleep toenails long yellow think right guess tired want thank letting things chest,87
9890,missed luau night,12
9891,,
9893,want hear mcbain cannon regulations department book,22
9895,know kids gettin pretty late,7
9896,yeah bed grampa big day,12
9897,use kidding having ethical crisis,10
9898,,
9899,catch general sherman thirty clean eat thirty bed seven incriminating evidence perfect crime,28
9900,homer sneaking fishing believe selfishness fishing anytime trying save marriage thinking fishing talking right right,36
9901,good time honest,9
9902,yes,1
9903,right help marge good guy,16
9904,bed,4
10083,,1
9905,right sleep walk,11
9906,sure,1
9907,,
9908,got ta good husband got ta good husband got ta good husband,15
9909,hey kid forgot whoa,6
9910,,
9911,ahead general sherman waste strength big ugly catfish got ta skillet stick butter,24
9912,,
9913,homer,1
9914,,
9915,sugar,1
9916,yes,3
9917,hey grampa,5
9918,sure ma lets kids drink coffee,10
9919,time yes,5
9920,,
9921,good,3
9922,huh,1
9923,,
9924,,
9925,hey milhouse big blowout casa de simpson adult frail old,15
9926,,
9927,bart joint uh twoish square,9
9928,,
9929,tell friends right got pretty funky friends,12
9930,,
9931,right noon invited party,14
9932,,
9933,trust exercise fall backwards rely spouse catch,17
9934,,6
9935,husband recommend marge trained marriage counselor instance told partner percent right fault willing certificate frame,50
9936,,
9937,send word send word,10
9938,yanks comin,5
9939,,
9940,okay fish probably wondering catching famous fisherman right bald guy cable fishing,34
9941,whoa holy mackerel,3
9942,,
9943,milhouse good pal happening man,9
9944,cherry party bart chicks,7
9945,afternoon young,7
9946,lisa wrong,3
9947,obvious degraded set children rights movement decades come,17
9948,great party lisa great,8
9949,hey shut door stop away stop oh,14
9950,ow,1
9951,haw haw haw,3
9952,young hellion want belt,12
9953,yeah,1
9954,right,5
9955,haw haw haw,3
9956,doggone,2
9957,,
9958,love kill,8
9959,,
9960,yeah care man hey thanks coming hey nice tie nelson,12
9961,ah thanks dad,5
9962,tried good baby sitter failed feeb useless old worn,17
9963,lisa strong unpleasant feeling,11
9964,called remorse vile burlesque irrepressible youth,9
9965,feeling away,9
9966,grab bucket brush clean harder faster,17
9967,,
9968,champions champions time losers cause champions worlllld,20
9969,uh oh,2
9970,hi honey uh oh marriage retreat going,9
10084,dad,2
9971,came retreat thought marriage trouble minute thought trouble homer expect believe,34
9972,marge know fish means fish represents better life fish makes champion hero,27
9973,,2
9974,weirdos worm store,7
9975,fish represents selfish,10
9976,way feel throw,11
9977,oh yeah sure,3
9978,watch,1
9979,wow gave fame breakfast marriage fought hours says word toss telling marriage trouble come baby,40
9980,ohhh homer,2
9981,,
9982,,2
9983,marriage,3
9984,usual perfectomundo,4
9985,oh house looks wonderful grampa secret,10
9986,pretending cry right heard pretending cry turn like fawcet boo hoo oh crying sad,28
9987,way grampa,4
9988,trust old person,6
9989,fooled long suckers hee hee hee,9
9990,,
9991,yup general sherman pounds dwelling fury know knows old ask people years day,38
9992,uh caught,7
9993,fella came close went homer seven feet tall arms like tree trunks eyes like steel cold hard shock hair red like fires hell,41
9994,,
9995,hurry mom convention soon good comics gone,17
10045,wow number fallout boy ward,10
9996,care good comics buy casper wimpy ghost,16
9997,think sad equate friendliness wimpiness hope achieving true popularity,22
9998,know think think casper ghost richie rich,14
9999,hey look alike,5
10000,wonder richie died,5
10001,realized hollow pursuit money took life,15
10002,kids lighten little,7
10003,radioactive man rules punches bad guy saying cool,14
10004,wittier superhero,7
10005,oh yeah look knocks guy sun says hot ya,16
10006,stand corrected,3
10007,,2
10008,,
10009,,
10010,bad come dressed popular cartoon characters,10
10011,looks like discount,6
10012,bartman,1
10013,supposed,6
10014,bartman,2
10015,heard price,6
10016,lousy rip,3
10017,uh ahem young people springfield mayor like welcome annual funny book convention thank pumping dollars local economy,36
10018,youthful high spirits imparted glow old war horse feel like radiation man,20
10019,radioactive man jerk,4
10020,stand corrected fun sure clear shriners punk makes fool diamond joe quimby,31
10021,excuse sir turned left vulcan ear,11
10080,dad,2
10022,let got utility belt couple tricorders light saber sorry kid,16
10023,hey bart dude,2
10024,hey otto man oooh,5
10025,idea comic book little man dude drives school bus day night fights vampires post apocalyptic warzone,30
10026,cool,1
10027,bart going buddy hodges,8
10028,guy played fallout boy tv,8
10029,yep,1
10030,wow guess killed vietnam,8
10031,aaahh laramie cigarettes steady nerves need combat evil,14
10032,gee whillikers radioactive man wisht old smoke laramies,12
10033,sorry fallout boy sixteen,7
10034,look,2
10035,radioactive man act time save earth,10
10036,great kids sure like remember actor dirk richter portrayal radioactive man sordid details final years let questions tasteful okay big welcome buddy fallout boy hodges,49
10037,questions,2
10038,radioactive man got injected shrinking serum issue thirty come costume shrinks,17
10039,sure know finish playing rum tum tugger second national touring company cats anybody,27
10040,ooh ooh ooh ooh fallout boy oh oh,15
10041,yes masked boy,5
10042,think ghost dirk richter haunts bordello bullet riddled body found,17
10043,dirk richter beautiful man little vultures leave,13
10044,hey radioactive man number seventy imaginary tale radioactive man marries larva girl,15
10046,tell special promise grubby little hands,25
10047,behold,1
10048,wow radioactive man number,5
10049,,2
10050,bet worth million bucks,7
10051,lad let remind,19
10052,got thirty,5
10053,,5
10054,moment knew god earth know buy comic book,25
10055,emotion place son,8
10056,,
10057,kids fun,6
10058,yeah mom guess dollar man sold thirty caspers dozen lois lanes,18
10059,ohhh,1
10060,knew superman saw wonder woman golden lariat tie time,23
10061,homer,1
10062,kidding marge hey dinner krusty burger treat,17
10063,right homer whoa sport dad taking fine restaurant like krusty burger,20
10064,right getting,7
10065,need dollars comic book,9
10066,bucks comic book drew micha ma langelo,11
10067,oh dad want world,12
10068,,2
10069,,
10070,dad,2
10071,,1
10072,dad,2
10073,,1
10074,dad,2
10075,,1
10076,dad,2
10077,,1
10078,dad,2
10079,,1
10086,dad,2
10087,,1
10088,dad,2
10089,,1
10090,dad,2
10091,look son know usually bug like mad trying shows paying attention know gon na dollars gon na stop bugging,51
10092,,1
10093,,2
10094,,1
10095,,2
10096,,1
10097,,2
10098,,1
10099,,2
10100,,1
10101,,2
10102,,1
10103,,2
10104,,1
10105,,2
10106,,1
10107,,2
10108,,1
10109,,2
10110,,1
10111,,2
10112,okay,1
10113,hee hee win face yeah like apples woo hoo hoo,17
10114,gloat homer know bart age thing wanted world child sized electric lightbulb oven parents money went sisters patty selma,44
10115,,
10116,half allowance,6
10117,uh huh slave,8
10119,gives lot free time,8
10120,uh huh let smoking,5
10121,months worked worked sisters smoked smoked,12
10122,venus oh venus,3
10123,want dress shields hand washed drip dried,7
10158,haw haw,2
10222,,3
10124,big day finally came worked lightbulb warmed treats tasted extra good,19
10125,,
10126,maybe time job answer,8
10127,aw mom ask taking care maggie lisa handful,22
10128,means job stupid,8
10129,,1
10130,job realize time little piece childhood slipped away forever,24
10131,bart staring,6
10132,uh,2
10133,moment dad closer,21
10134,bart stop,3
10135,sorry,1
10136,,
10137,need money lot money ahh,9
10138,bottles bottles,4
10139,hm practically,5
10140,,
10141,apu,4
10142,ooh good like deposit defrayed cost jumbo cherry squishie,17
10143,today need dime,7
10144,oh good learning trade,11
10145,,
10146,ah ha,1
10147,,
10148,americanize good man,5
10149,okey dokey,2
10150,coins worth lousy cents,9
10151,let good times roll,5
10152,,
10153,oh humiliating feel like geek,11
10154,going bart,4
10155,terrible cars slow laugh buying,12
10156,maybe need play sympathies lets,11
10157,ah ha look pathetic,6
10159,lemonade sucks need new product let ah,10
10160,form line crowding cheap beer sympathetic ear step right,14
10161,ah bart credit little short week,15
10162,beat,2
10163,uh got liquor license young fella,10
10164,ugh dog ate,5
10165,got ta license sell beer,7
10166,writing tickets guys thirsty couple house,17
10167,ell seeing offense,8
10168,guess overlook,6
10169,long officers uh oh,4
10170,hey,5
10171,beer beer beautiful beer,7
10172,,
10173,poor boy desperate wants earn money buy comic book,16
10174,comic book oh boys change nazi smasher,14
10175,think,4
10176,send house got chores knows mix whitewash,22
10177,,
10178,mrs glick,2
10179,eh burt simpson look like got strong young,16
10180,like eat got dried apricots almond paste sauerkraut candy,14
10181,thanks,4
10182,oh brother asa killed great war held grenade long,17
10183,,
10184,kaiser bill special delivery uncle sam boys d company yeah johnny harrison brooklyn bob reggie yeah reggie ai stuck know,37
10185,ribbon candy boys love candy,8
10186,thanks,2
10187,boys love candy,3
10221,oh yes,3
10188,ugh think work,10
10189,start little light yard work nice barley pop,19
10190,,
10191,want clear weeds know ones weeds,16
10192,,3
10193,good boy,2
10194,careful inside watching stories,11
10195,ow,2
10196,jack married,4
10197,turning,7
10198,oh stop,5
10199,filthy genuinely arousing,4
10200,finished,1
10201,merciful heavens bleeding iodine,8
10202,fidget,3
10203,listen lady yaaauuuuggghhh,8
10204,improved iodine,5
10205,,
10206,hi mom,2
10207,money,5
10208,lot pain,11
10209,think mrs glick nice poor old thing anybody,19
10210,reason,3
10211,sludge certainly collects downspouts,9
10212,sludge old bat,6
10213,today wash beulah know,10
10214,old lady thing heard years,10
10215,wedding dress dyed black mourning dress,18
10216,great story lady,3
10217,night dreamed held arms,10
10218,iodine burn germs torch amputate arm yaaauuuggghhh,20
10219,,
10220,payday wager looking forward,11
76517,,
10223,quarters,2
10224,quarters,2
10225,deserve penny know told lot girlfriends chores,20
10226,quarters,2
10227,bart thank,6
10228,listen lady leave screaming leave saying bad word way saying thank,26
10229,welcome right spend penny whistles moon pies,17
10230,,
10231,moon pies butt somebody oughta moon pie,9
10232,problem boy,4
10233,bustin hump week withered old clam got cents,19
10234,hey age cents lot money,13
10235,,1
10236,nah,1
10237,dad got thirty bucks ugh working working chumps,22
10238,son proud twice age figured,15
10239,,
10240,let dollars,9
10241,bucks forget stool,13
10242,got sold seeds visited aunt nursing home fished dime sewer god sake,26
10243,way want,6
10244,thirty,6
10245,freakin kids need got masters degree folklore mythology,18
10246,excuse carl yastrzemski baseball card big sideburns,17
10247,thirty bucks ai got ai gettin stool,17
10248,wait minute martin milhouse went buy copy radioactive man right,24
10249,wow,1
10250,muttonchop yaz,5
10251,want,4
10252,freakin kids,2
10253,look pal got bucks like buy radioactive man waddle,27
10254,yes sir,2
10255,wow breathe boys,5
10256,stuff dreams,8
10257,smells like grandpa,5
10258,uh oh looks like rain better baby home,10
10259,uh oh,1
10260,looks like bought bargained,9
10261,,
10262,pants caught barbed wire good lord choke bomb,11
10263,yaarrgh,1
10264,radioactive day forward shall radioactive man,13
10265,happened,5
10266,thought hit atomic bomb killed,13
10267,know better,4
10268,turn page bart,4
10269,listen guys welcome come read time like,15
10270,house,8
10271,house crazy talk,5
10272,comic,10
10273,guys bart mondays thursdays milhouse tuesdays fridays truly wednesdays saturdays,27
10274,perfect,1
10275,wait minute sunday,6
10276,yeah sunday,4
10277,sunday possession determined random number generator digits milhouse bart seven,32
10278,perfect,1
10279,wait minute zero,6
10280,yeah zero,4
10281,yeah,1
10282,unlikely event zero possession determined rock scissor paper competition best,24
10283,excellent today saturday gentlemen guess taking comic,14
10284,uh uh uh ah nice try martin worked tonight comic book stays right,18
10285,comic book stays right,11
10286,,2
10287,fine going stay comic book like sleep yeah sleep pals right real friendly like,26
10288,want read,6
10289,nice try mister,3
10290,milhouse acids hands damage newsprint want comic forever alive honor buried,31
10291,mean alive,8
10292,meant years,5
10293,yeah sure,4
10294,bart push,4
10295,knew makes sap bartholemew simpson,17
10296,thought boys like milk microwave,11
10297,thank mrs simpson,4
10298,sweet dreams boys,3
10299,,
10300,,
10301,step dead man,8
10302,bathroom bart,8
10303,yeah right gettin,12
10304,hey going,4
10305,dear friend martin trying steal comic book,11
10306,let tie,4
10307,bart treat guests,9
10392,hmp impressive,2
10308,quiet piggy stick apple mouth chances turns watching,22
10309,okay,4
10310,oh little game let old bart nice drowsy turned wham,20
10311,going happen,8
10312,going crazy bart telling mom,8
10313,hey martin tell squealers,9
10314,know worse people bathroom,19
10315,stop,4
10316,hell,4
10317,,
10318,homer coming check boys,11
10319,fine,2
10320,,
10321,bart comic,3
10322,let bart,6
10323,milhouse far ground rain probably softened bit,18
10324,bart,3
10325,know guys tied saving comic speak,18
10326,shut shut,4
10327,help bart want comic wanted carl yastrzemski big burns,17
10328,boys better come house want sniffles,14
10329,aw mom,2
10330,come play little tie game inside got cocoa stove wants imitation marshmallows,22
10331,raise hand mrs simpson,9
10332,,
10333,,
10334,use fellows comic book returned earth came,16
10335,worked hard gone ended share,21
10336,point,3
10337,kind ticks,8
10338,world safe long,10
10339,,
10340,ah chief wiggum archbishop mcgee distinguished guests pleased dedicate emergency warning system uh chance nuclear disaster sign tell good citizens springfield,38
10341,joke core explodes wo power light sign,16
10342,like present man sign possible dropping obstructionist legal challenges montgomery burns,25
10343,mr burns late terribly wrong,10
10344,better leaves diamond joe quimby holding bag,12
10345,,
10346,turn got greet dignitaries,7
10347,oh mr burns got doctor,10
10348,absolutely quack sawbones going apply leeches long ounce strength left,25
10349,mmmm mr burns suffering medical men hypohemia layman terms simply lack blood,22
10350,damn doctor idiot know hypohemia want know,23
10351,point hope transfusion,10
10352,long sterilize needle,9
10353,seconds,3
10354,skip,3
10355,leave home,7
10356,afraid simple blood type double o negative rare,14
10357,b positive damn common gutter blood veins,12
10358,smithers feel bad kidney donated hit spot,17
10359,,
10393,hairs head looking,8
10421,ahead,2
76553,,
10360,attention employees boss inspiration mr burns death death door type double o negative blood implore report bloodmobile outside,32
10361,blood thing,9
10362,,2
10363,wanna,3
10364,believe guys human millions dollars needs help wanna cash losers stuck crummy dead end job,37
10365,know homer supervisor,7
10366,sorry sir,2
10367,,
10368,maggie look,4
10369,lee mur lee mur,2
10370,zee boo zee boo,2
10371,honey,5
10372,trying teach maggie nature end barnyard want advantages,24
10373,lisa best zebu,10
10374,like ox hump dewlap hump dew lap hump dew lap,18
10375,marge marge blood type,6
10376,positive,1
10377,aw nuts extremely rare blood,10
10378,know blood type romantic,7
10379,mother knows family,7
10380,oh yeah shoe size,6
10381,,2
10382,teeth,6
10383,sixteen permanent baby,4
10384,earmuffs,1
10385,xl,1
10386,ring,1
10387,want wearing rings looks cheap,11
10388,allergies,1
10389,butterscotch imitation butterscotch,4
10390,,1
10391,glow dark monster,6
10394,oh homie lots hair want know blood type,16
10395,aw old man burns gon na kick double o negative blood plant,22
10396,bart,2
10397,woo yes right woo congratulations boy got date needle,14
10398,hey wait minute blood rights know,15
10399,yeah right remain silent,8
10400,bart help need decent thing,15
10401,,
10402,bart like asking blood free crazy little young understand save rich man life showers riches know story hercules lion,46
10403,bible story,5
10404,yeah probably time big mean lion got thorn paw village people tried pull strong got hercules hercules mighty strength bingo moral lion happy gave hercules big thing riches,64
10405,lion rich,6
10406,olden days,5
10407,oh,1
10408,,
10409,hey let emergency life death,6
10410,sec man,4
10411,,
10412,whoa otto man work,5
10413,oh yeah day friends school got job certified bloodletting tech dude,22
10414,let road,8
10415,okay let wash,5
10416,homer brave young bart know hug,12
10417,eh boy,3
10418,,
10419,ready transfusion,5
10420,smithers going want dictate epitaph,13
10422,charles montgomery burns,3
10423,um hmm,2
10424,american patriot,2
10425,american patriot,2
10426,master atom,4
10427,scourge despot,4
10428,o tyrant hear mighty quake smithers,11
10429,,
10430,oh o mornin ye look good old,15
10431,hi mr burns,3
10432,oh hey mr brown shoes local sports team hm,13
10433,mr burns okay jackpot,5
10434,,
10435,aye caramba,2
10436,heh heh heh game hasta manana osvaldo,7
10437,smithers pink pith vinegar,11
10438,remarkable sir,3
10439,know funny smithers tried tincture poultice tonic patent medicine needed blood young boy way lad,38
10440,uh bart simpson sir,4
10441,,1
10442,son homer simpson stiffs sector,13
10443,simpsons getting nice surprise mail nice,16
10444,,
10445,bill bill summons bill wait minute burns yes woo hoo woo,19
10446,marge lisa maggie let yard neighbors,15
10447,lisa dim lights turn lights,12
10448,yes dad,2
10449,little thin okay check,11
10475,meaning,4
10476,better half marge better half,5
12363,,
10450,right check card panic sure tells getting pick dear bart thank kindly blood truly montgomery burns card,42
10451,way gratitude gold diamonds rubies lousy card wait minute card got mad place,36
10452,homer things like rewarded fellow human needs helping hand,22
10453,marge wife love living world believe flowers bells leprechauns magic frogs funny little hats,31
10454,yeah mom got hosed,5
10455,bart,1
10456,got exactly wanted gave old man second chance,17
10457,promised boy simple thing lots riches man broke promise bart letter,24
10458,dear mr burns glaaad enjoyed son blood caard great case tell sarcastic stink read,36
10459,stink,2
10460,good senile buck toothed old mummy bony girl arms smell like,16
10461,elephant butt,3
10462,elephant butt,3
10463,,
10464,boss mail right minute,13
10465,yup,1
10466,angry homer sleep,10
10467,forget marge,3
10468,homie,4
10469,oh right hand thing usually works,13
10470,,
10471,cheap son,2
10472,homer breakfast ready,4
10473,hmmm,1
10474,oh marge saved making big mistake finally understand meaning mmphm hnmph,19
10477,oh thank,3
10478,letter,3
10479,,
10480,,
10481,,3
10482,homer think cornstarch canister,9
10483,walk away,11
10484,bart seen letter,6
10485,yup,1
10486,right think carefully,11
10487,place saw,6
10488,uh huh,2
10489,hand,4
10490,yeah,1
10491,shoving mailbox,8
10492,,5
10493,dad things letter said know emotional guy mad night guarantee mad morning,38
10494,mad morning,7
10495,homer encouraged strangling,9
10496,right okay think homer panic pick mail till noon time,18
10497,,
10498,ow ow ow ow ow ow ow,7
10499,homer locked tight,8
10500,locked eh little surprise sleeve old mr lock step aside boy,20
10501,hey homer fight power,8
10502,hose homer,4
10503,look like letter wet ink run able read,24
10504,yeah people mail,9
10505,people wo letters boo hoo know kinda letters people write dear somebody heard blah blah blah blah blah blah blah truly bozo big loss,35
10506,bart eye mailman kind signal,17
10507,dad mailman,5
10508,good use,7
10509,mean mailman,6
10510,,
10511,dear god planning water mail,9
10512,uh uh guess good run mail lady know address huh,26
10513,right,2
10514,gon na run,5
10515,,
10516,want world hear story harrowing struggle hypohemia,15
10517,sir mr roman finest ghostwriters business,13
10518,written like hell muck unsinkable sadruddin mahbaradad,15
10519,excellent,1
10520,right right question slept famous,12
10521,countess van zeplin blaze listen bargain basement baudelaire dizzy starlet string words write thing fired,37
10522,,
10523,hello mr burns believe letter,14
10524,okay mr burns,7
10525,know,3
10526,great plan bart,3
10527,,
10528,ooh look maggie dec ah edron dodecahedron,8
10529,lisa know strange father trying worry,18
10530,,
10531,chapter fifth trip infirmary unexpected results,12
10532,,
10533,oops,1
10534,minutes till burns comes time operation mail,11
10535,help,4
10560,told gon na destroy family believed,15
10536,oh frightened letter opener,15
10538,homer simpson,2
10540,simpson eh simpson oh letter read right dear mr burns glad enjoyed son blood card great simpson day true gentleman,44
10541,yeah,7
10542,hello case tell sarcastic,11
10543,stink senile buck toothed old mummy bony girl arms smell like elephant butt,20
10544,hey joey twist arm,10
10545,homer tell job okay,11
10546,crush like ant easy revenge dish best served cold bide time oh hell crush like ant,37
10547,,
10548,senile eh buck toothed bony arms liver spots chinless,16
10549,pink slip awaits signature sir,7
10550,odd robbed man livelihood feel strangely tell smithers beaten pulp,27
10551,sir,3
10552,,2
10553,sir,2
10554,,
10555,oh seen mr burns mad kinda mad,13
10556,,
10557,big letter writing pen,7
10558,honey matter happens pull,15
10559,okay plan sisters raise kids die gutter practical means,27
10624,,
10561,okay bart believed trying scare,14
10562,,
10563,know homer simpson,4
10564,yeah nice guy play poker,11
10565,hmmm huh uh need beaten,8
10566,got,3
10567,wait,1
10568,,3
10569,ah,2
10570,wait,1
10571,,1
10572,beat kick,4
10573,hold kicks got,5
10574,wait,1
10575,,1
10576,uh um umm,3
10577,hey homie,6
10578,saved mr burns life,5
10579,,
10580,closing gentle reader like thank thanking misprint enjoyed writing book enjoyed reading end,38
10581,ah smithers beating,6
10582,sir uh beating,6
10583,hell thing,9
10584,called,6
10585,judas,1
10586,sorry sir hurt homer simpson saved life,14
10587,,2
10588,know mad think fair warn going stand outside gate forgive,26
10589,need smithers usual sober ying raging yang er old pal,19
10590,sir wish handshake end afraid simpson matter attend,21
10591,old friend,8
10592,,
10593,moe tavern elite meet drink,8
10594,eh yeah hello mike rotch,9
10595,hold check mike rotch mike rotch hey anybody seen mike rotch lately,15
10596,listen little puke days gon na catch gon na carve ice pick,25
10597,matter homer normal effervescent self,10
10598,got problems moe,9
10599,homer hey drink forget problems,10
10600,yeah drink enhance social skills,10
10601,,
10602,simpsons present extravagant present mad unthinkable utterly impossible present frabulous grabulous zip zoop zabulous present,20
10603,ooo practical,3
10604,cutesy poo,2
10605,cornball,2
10606,pool table mad gon na turn home saloon,15
10607,,
10608,eureka found,4
10609,b sir thirty thousand dollars,6
10610,dare sully moment price taggery perfect,12
10611,,
10612,oh woe,4
10613,oh mr burns,5
10614,,
10615,heave ho heave ho heave ho heave ho heave ho,5
10616,wait dad smiling,4
10617,mr burns brought present,7
10618,think going beaten bloody pulp,18
10619,hard feelings advance copy book rainbow young fellow forgotten,29
10620,wow crowbar,3
10621,open crate stupid,6
10622,tell bet filled diamonds rubies sapphires pearls,14
10623,wow big ugly head,5
10625,actually son big ugly olmec indian head carved meso american indians years ago gruesome customer god war,28
10626,awesome,1
10627,maggie az tec ol mec ol mec,6
10628,marge,5
10629,,4
10630,marge,6
10631,,7
10632,let acquainted señor ta,10
10633,faces smithers,6
10634,sir god generosity,6
10635,save guy life whattaya worse big scary rock,16
10636,hey man bad mouth head,6
10637,homer thought counts moral story good deed reward,19
10638,hey got reward head cool,9
10639,guess moral good deed goes unrewarded,12
10640,wait minute written nasty letter gotten,15
10641,guess moral squeaky wheel gets grease,13
10642,moral story,8
10643,exactly bunch stuff happened,9
10644,certainly memorable days,8
10645,amen,3
10646,,
10647,bart bart hey bart,4
10648,lisa wrong dad died,8
10649,fine,4
10650,know relieved,7
10651,bart birthday days gon na years old big number double digits,21
10652,enjoy changes hit big oh legs start candy taste good anymore,26
12667,lisa,3
10653,bart let pour little heart,11
10654,sorry old timer ramble,10
10655,bart disappointed birthdays things lost broken hours okay forget,37
10656,okay uh huh okay okay okay okay okay okay birthday gift coming way,18
10657,oh thank,3
10658,bart watch maggie laundry,8
10659,,2
10660,hm krusty hotline,3
10661,hi kids reached krusty hotline asked parents permission naughty naughty krusty forgives dollars minute cents additional minute,32
10662,thanks calling kids new message day,9
10663,maggie,1
10664,bart asked watch sister,8
10665,tried stop overpowered,9
10666,stole shirt stole shirt,8
10667,washed,3
10668,oh thank marge pink,6
10669,marge wear pink shirt work everybody wears white shirts popular different,20
10670,homer panic plenty white shirts,10
10671,oh gimme gimme gimme gimme gimme,6
10672,oh pink pink pink marge,12
10673,know happened,8
10674,ah lucky red hat clean whistle,9
10675,,6
10676,homer going notice wear pink shirt work,15
10677,,
10678,wait minute zoom man pink,13
10679,oh homer simpson sir boobs sector,13
10680,simpson eh judging outlandish attire sort free thinking anarchist,14
10681,security sir,4
10682,excellent color monitors paid,9
10683,,
10684,hey homer saved doughnut,7
10685,pink frosting,4
10686,mmm thanks looks hey wait minute wearing pink shirt mean kind pink doughnut eater tempting,31
10687,drop doughnut,3
10688,let pinky,3
10689,understand son threw red hat white laundry,15
10690,spare tired semantics simpson family away,12
10691,know mr burns body cavity search revealed x rayed times maybe telling truth,24
10692,cahoots smithers recall penchant bell trousers,22
10693,uh sir costume plant production pinafore,13
10694,oh yes course spirited hornpipe stole recall doctor shall free wheeling fop,26
10695,monty establishing patient sanity took months changed thanks marvin monroe home personality test simple questions determine crazy meshuggenah,38
10696,print,2
10697,,
10698,honey favor fill form,9
10699,homer intimate psychological profile fill,14
10700,right right lisa,10
10701,lisa like homework fill form,12
10924,lisa birthday,4
10702,right listen poem wrote,13
10703,o kay,1
10704,meditations turning lisa simpson cat named snowball died died mom said sleeping lied lied oh cat dead chrysler hit instead hamster named snuffy died,51
10705,deal,2
10706,dad maybe,6
10707,son different time let vote remember absentee ballot,17
10708,oh yeah,2
10709,home video finalists man breaking hip,9
10710,,
10711,dog fire ruff anybody order hot dog,9
10712,look,3
10713,finally baby nail gun,7
10714,awww,1
10715,okay time cast votes,8
10716,dog fire dog fire,6
10717,hey dad hear voices,6
10718,yes hearing right trying watch tv,12
10719,yes quick anger,6
10720,bart shut shut,8
10721,yes wet pants best occasional accident,16
10722,,
10723,pass,4
10724,,1
10725,careful men wets pants,6
10726,,
10727,,
10728,devil fly open,6
10729,right,1
10730,spill floor bugs gon na eat,15
10731,good,1
10732,arrghh,1
10925,happy birthday lisa,3
76768,,
10733,boy fair tell sane insane,14
10734,simple method,7
10735,stamp hand insane,9
10736,big white guy thinks little black guy,15
10737,,3
10738,hi michael jackson jacksons,7
10739,homer simpson simpsons,6
10740,believe heard popular entertainer,13
10741,oh course heard mean living rock know,27
10742,michael jackson,2
10743,ring bell,4
10744,thriller,1
10745,,5
10746,thriller,1
10747,nope,1
10748,billie jean lover girl says kid son hee hee hee,31
10749,wow thing feet,10
10750,moonwalk,2
10751,thing feet,6
10752,look raise heel bit little pressure ball foot,19
10753,,
10754,hee hee hee,3
10755,like nice guy,12
10756,wore pink shirt,6
10757,understand people thought crazy way dressed,12
10758,wear,3
10759,white glove covered rhinestones,6
10760,bbl bbl bbl,1
10761,,
10762,bart split second died bet scratchy appreciated birthday present relates,22
10763,hey want year gesture got sis,13
10764,,
10765,hey michael guys normal,15
10766,homer floyd idiot savant numbers multiply head like,24
10767,okay times,4
10768,,1
10769,wowww,1
10770,guy chief says word moves muscle,19
10771,hey chief,2
10772,hello,1
10773,time somebody reach,9
10774,gee got ta family,6
10775,oh embarrassing calling nut house mean think god,18
10776,,6
10777,oh great uh try good face tell places rich women lose weight,25
10778,,
10779,joe crematorium kill grill,8
10780,hello,4
10781,bart simpson hell,8
10782,michael jackson,3
10783,michael jackson way,5
10784,true father mental institution,10
10785,uh huh elvis,6
10786,big hospital,7
10787,aw come michael jackson dates grammys,17
10788,brooke shields diana ross emmanuel lewis bubbles,8
10789,shiver timbers michael jackson stay line friends relatives,21
10790,afraid bart father needs help want lobotomy,20
10791,hmmmm lobotomy,2
10792,right son,4
10793,probably size uh huh new bedlam asylum loves needs fears got michael jackson whoo hoo love man,32
10794,hey mom dad mental institution,7
10795,oh god mother right,6
10796,,
10797,homer worry family gon na know,14
10798,forget pal way ai pretty,14
10799,,2
10800,dating nurse,3
10801,,
10802,told kids going send father crazy house,15
10803,mom said poor house,6
10804,said crazy house,4
10805,poor house,2
10806,crazy house,2
10807,poor house,2
10808,crazy house,2
10809,hello reached new bedlam wrongly committed hotline operators currently busy stay line,21
10810,,
10811,wrong homer,3
10812,place strange mike ashamed admit guy scared,17
10813,scared maybe help,13
10814,homer need look found looking friend friend got friend,40
10815,pancakes football boobies,3
10816,bubbles gon na long night,7
10926,wish love good wish peace joy,13
10817,feel free express sessions want feel relaxed uninhibited,17
10818,okay working insurance company right huh youngest vp history firm okay job life monday morning got leave house,41
10819,door locked,4
10820,face,9
10821,raining,3
10822,homer dave suffers agoraphobia fear open areas crowds dave,18
10823,thank day knew long drive work,16
10824,gas,5
10825,baby,1
10826,mrs simpson sorry husband suffers persecution complex extreme paranoia bladder hostility,17
10827,doctor talked minutes mentioning son bart sane,21
10828,mean bart good lord,9
10829,mmm pancakes,2
10830,oh mr simpson got visitor,7
10831,,
10832,marge,1
10833,oh homie,2
10834,mr simpson talking wife believe threat,16
10835,flattering thing said writing,18
10836,course,2
10837,insane,2
10838,proud homer,5
10839,thanks lot michael helped find marbles come visit,20
10840,today voluntarily,8
10841,,3
80912,,
10842,got real depressed wall album got lousy grammy nomination,20
10843,,
10844,happy birthday happy birthday happy birthday overlooked middle child happy birthday,18
10845,joe taxidermy snuff stuff,8
10846,,
10847,boy home going wrap hands neck,15
10848,smother kisses,6
10849,homer got cut dose,9
10850,listen bringing michael jackson home stay days cute heard sure plenty cold cuts beer ice,38
10851,um homer vegetarian drink,9
10852,sure voluntarily,6
10853,yes homer sure tell anybody coming,12
10854,,
10855,yes dad solemnly swear tell living soul milhouse,16
10856,hello milhouse secret,7
10857,,1
10858,oh cares michael jackson coming house,11
10859,,
10860,michael jackson,2
10861,,
10862,michael jackson,2
10863,,
10864,michael jackson,2
10865,,
10866,aunt bella wait minute got line michael jackson,15
10867,,
10868,michael jackson,2
10869,,
10870,michael jackson,2
10871,,
10872,handed bulletin rock n rumor department,12
10873,right michael jackson thriller moonwalkin way right field,21
10874,check enjoy seldom heard extra longggg version gadda da vida,19
10875,michael jackson oh thing happens blue moon dare leave post,19
10876,,
10877,aye carumba,2
10878,exciting thing happen fair town uh dalai lama visited declare route currently known dalai lama expressway henceforth known michael jackson expressway,44
10879,guy pink shirt father family turns released mental hospital,24
10880,thanks everybody great sane,7
10881,guy wanna,9
10882,huh,1
10883,huh huh,2
10884,pounds,4
10885,white,2
10886,dressed flair,4
10887,hell think michael jackson visit jerkwater burg,14
10888,owe michael jackson,5
10889,face ya tool,10
10890,bart entire town howling blood join question today birthday promised afraid ask,35
10891,know maybe trust instinct ask,11
10892,thought oh bart,6
10893,come sane,5
10894,dear bart stationery mom dad gave birthday inform brother sister professional advises hug far distant family reunion rest assured purely,55
10895,hey bart,2
10896,hey,2
10927,wish better heart desire,8
10897,bart kid money know sisters birthdays rolled,23
10898,stiffed,2
10899,wrote song cared,11
10900,write song,8
10901,age gold records,12
10902,hey looney tunes michael jackson looks like look like big fat mental patient,18
10903,amazed hear,8
10904,leave,4
10905,look boy michael jackson guy working recording studio la willing work song choice long,31
10906,wait wait michael sit piano boil coffee,14
10907,lisa teeth big green lisa smells like gasoline lisa da da da deesa sis ta birthday missed ta,25
10908,uh,2
10909,bart got real feelings sister,12
10910,,4
10911,let look maybe help,10
10912,ah looks sad,4
10913,cause knows looking,8
10914,aware looking look exactly,19
10915,bart think happens turn,10
10916,training wheels come bike,8
10917,good good training wheels come bike start notice boys like hee hee hee,19
10918,putting commercial,8
10919,lisa lisa lisa,3
10920,huh bart,6
10921,right hope like present,18
10922,li sa birthday god bless day gave gift little sister proud today,25
10923,happy birthday lisa,3
10928,kiss boy,7
10929,lisa birthday happy birthday lisa,7
10930,lisa birthday happy birthday lisa,7
10931,yeah,1
10932,oh best present got thank bart thank michael,15
10933,work,6
10934,hey michael happened voice,7
10935,real voice leon kompowski brick layer patterson new jersey life angry day talked like sudden everybody smiling good earth kept tired point truly crazy,70
10936,got,5
10937,bye bye leon bye roomie bye pardner credit dementia,12
10938,ya,2
10939,,
10940,lisa birthday god bless day gave gift da doo da dee dee doo doo proud today,28
10941,lisa birthday happy birthday lisa lisa birthday happy birthday lisa,14
10942,wish love good wish peace joy,13
10943,wish better heart desire,8
10944,kiss boy,7
10945,lisa birthday happy birthday lisa lisa birthday happy birthday lisa,14
10946,away lis,4
10947,lisa birthday happy birthday lisa,7
10948,oooh,1
10949,,
10950,stupid junk mail won yeah win good news homer simpsoy gets dumb think,30
10951,huh check,3
10952,million dollars rich,5
10953,,
10954,mr simpson assure check non negotiable,12
10955,oh yeah makes damn sure,9
10956,says void void void check cash value twentieth cent mr banker honor,24
10957,shut,2
10958,,
10959,feeling good true time million dollars queers deal,22
10960,think real checks exclamation points,8
10961,got free sample reading digest,11
10962,marge read magazine life gon na start,15
10963,hey cartoon,3
10964,dear wanted compact ai truth,12
10965,truth homer documented women safer drivers men,17
10966,oh marge cartoons deep meaning stupid drawings cheap laugh,18
10967,,
10968,hey einstein readin lunchtime,8
10969,nah ahead,4
10970,hey wanna eat ya stomach staples,14
10971,tolstoy said quotable notables learning sir black bread,17
10972,,
10973,bookworm smithers,5
10974,homer simpson sir,3
10975,simpson eh strange job description clearly specifies illiterate,12
10976,,
10977,return troy mcclure delores montenegro preacher shovel,14
10978,irrigation save people chief smiling bear,9
10979,marge look staring idiot box god forbid read improve minds,20
10980,certainly taken shine magazine,8
11100,important,1
11101,ooh v,5
10981,magazine marge hundreds magazines filter crap leave fits right pocket,27
10982,kids know missing,7
10983,daaad,1
10984,hey gives man,4
10985,gon na sit family listen inspiring story wilderness survival,17
10986,heard sound arctic explorers dread pitiless bark sea lion killed,20
10987,homer obviously got alive wrote article,11
10988,,3
10989,oh right,3
10990,homie magazine minute,8
10991,hmph,1
10992,thought want snuggle,7
10993,reminds seven ways spice marriage,10
10994,marge nice body like costume ask,21
10995,thank homie,3
10996,wow little meatloaf men,4
10997,idea mom,9
10998,think baby steers wrong free free,15
10999,certainly enriched lives,6
11000,wow win trip washington expenses paid vip tour oh kids,16
11001,wait dad,2
11002,hm essay contest children words fiercely pro american sounds interesting,14
11003,bart maybe like,10
11004,mom nice thought know pony bet,17
11005,ben franklin alive today oh think better opening,18
11006,going honey,4
11007,,3
11102,,1
11103,ooh miss question,8
11008,stuck like bike ride kids bike rides anymore,22
11009,yes,1
11010,know thought maybe bikes cool anymore kids use word cool,17
11011,yes mom,2
11012,,
11013,okay america inspire,4
11014,wow bald eagle,4
11015,hmm,1
11016,,
11017,thanks driving contest dad,8
11018,sweetheart magazine,9
11019,,
11020,burn flag better burn things better burn shirt pants sure burn tv car oh yes forget burn house things exist white stripes seven red stripes hell lotta stars thank,68
11021,yeah damn right,3
11022,recipe free country mix cup liberty teaspoons justice add informed electorate baste veto power,23
11023,spineless belly yellow american non voter,13
11024,stirring cups checks sprinkle liberally balances,9
11025,ding dong sounds liberty bell ding freedom dong opportunity ding excellent schools dong quality hospitals,18
11026,,
11027,america born hot july day trees springfield forest tiny saplings trembling sun nourished mother earth fledgling nation find strength simple ideals equality justice thought mighty oaks powerful nation grow fragile pure thank,70
11028,think,4
11029,good little good year old methinks detect sickly scent daddy,18
11104,person,1
11030,mr simpson like ask questions daughter essay lisa excuse,19
11031,okay,1
11032,purple hell,8
11033,professional writer,5
11034,uh uh,1
11035,interested politics government,7
11036,,
11037,interested,5
11038,,
11039,touch nose,7
11040,lisa meeting father decided award additional points congratulations family going washington,23
11041,woo hoo guessed reading writing pay,11
11042,,
11043,yes sir,7
11044,playing cards notepad aspirin sewing kit pilot wing pin propellor shaped swizzle stick sleeping mask got coming,22
11045,,6
11046,steward,1
11047,little boy bet like visit cockpit,10
11048,oh baby,2
11049,,
11050,control stick like handlebars tricycle like hang coats,22
11051,thank push button,8
11052,,1
11053,,
11054,gon na die,4
11055,,
11056,look marge guy taxi,12
11057,,
11058,oooh look homer irs,5
11059,booooo,1
11060,oh boo,3
11061,,
11062,kids watergate,6
11063,,
11064,,
11065,hey,1
11066,,
11067,,
11198,uh okay,2
11068,homer look shower cap body gel bathrobes ooh welcoming mint pillow,21
11069,wowww shoehorn like movies,9
11070,shoe goes shoe goes shoe goes shoe goes shoe goes shoe goes,18
11071,hey bedsies,5
11072,bart thing bedsies,13
11073,okay want,7
11074,iiiiiii waaaaaannt,4
11075,want,11
11076,wrong,5
11077,good night sleep lisa,7
11078,,3
11079,,1
11080,,6
11081,,1
11082,mommm,1
11083,stupid welcoming mint,4
11084,good morning wake,7
11085,wake,5
11086,sorry fatso,2
11087,free food,2
11088,lisa faith crowley patriotism editor reading digest,9
11089,ooh love magazine favorite section increase word power thing good,22
11090,good,2
11091,lisa like meet finalists truong van dinh maria dominguez,19
11092,hello,1
11093,maria national spelling bee champion truong won westinghouse talent search nfl punt pass kick competition,24
11094,run problems superior ability,14
11095,,
11096,sure guess,3
11097,ah,3
11098,special vip badges places tourists,14
11099,miss stand,7
86782,,
11105,ah stand,8
11106,ohh,1
11107,,
11108,spot richard nixon bowled games,9
11109,yeah right,2
11110,wow president bathroom,4
11111,mind,3
11112,barbara bush,2
11113,oh damn badges okay tub installed,13
11114,,
11115,mmmmmm money,2
11116,hey watch chief,4
11117,folks print eighteen million bills day oh case wondering free samples,25
11118,lousy cheap country,3
11119,,
11120,bart spirit st louis,9
11121,,
11122,hey funny,4
11123,oh marge grow,4
11124,,
11125,congressman springfield national forest,6
11126,basically want cut,11
11127,huh uh,2
11128,artist rendition old growth aging festering away comes logging company thin clutter nature cycle,35
11129,jerry whale lobbyist like logging permit uh like burying toxic waste people gon na notice trees gone,35
11130,uh congressman gets awkward know want,21
11131,offer bribe,4
11132,ohhh,4
11133,little girl springfield wrote essay good photo op,16
11134,uh sure fine,3
11135,,4
11136,got little place use uh matters tonight,17
11137,hi lisa simpson,8
11138,hello sir,2
11139,lisa doer knows maybe day congressman senator women senators know,26
11140,checked,4
11141,sharp pictures,10
11142,tot shot plays sticks,8
11143,,
11144,ah nice politician cares,11
11145,vote,8
11146,,
11147,,
11148,mom,1
11149,lisa contest hours,7
11150,excited sleep winifred beecher howe memorial,13
11151,,2
11152,early crusader women rights led floormop rebellion later appeared highly unpopular cent piece,23
11153,,
11154,okay know missing,8
11155,,
11156,iron sheets iron inequities labor laws amen sister,17
11157,told came,8
11158,bob stand springfield forest logging permit,15
11159,let way jerry tim berrr,9
11160,ugh pooch,4
11161,woof woof,2
11162,,
11163,read essay believe words,13
11164,honest abe way,7
11165,,
11166,mr lincoln,3
11167,mr lincoln need advice better country,16
11168,good time buy house,9
11169,boy brush proper,8
11170,look good moustache,7
11171,tries usin turpentine jes worse,11
11172,mr lincoln lisa simpson problem,12
11173,,
11174,mr jefferson lisa simpson problem,12
11175,know problem lincoln memorial crowded,10
11176,sorry sir,5
11177,comes blame important declaration independence louisiana purchase dumbwaiter,26
11178,uh maybe going caught bad time,13
11179,wait lonely,8
11180,,
11181,truth told,5
11182,,
11183,rudy man miracle worker,7
11184,laundry sir,3
11185,buy nice,7
11186,thank,2
11187,bart ready room service,11
11188,kill remember trip expenses paid,11
11189,,
11190,deficit rag oh yeah deficit rag budget gaps digit drag tellin ya deficit mess deficit ra g thank,35
11191,oh guy awful,5
11192,know honey sit,7
11193,welcome awards luncheon like introduce distinguished judges select scholarship winner,19
11194,redskins great alonzo flowers perennial party candidate wilson defarge senate page brad fletcher skin care consultant rowena wealthy gadabout chilton gaines,21
11195,essayist lisa simpson lisa lisa,9
11196,oh lisa simpson read essay,11
11197,like read different essay,11
86978,,
11199,city washington built stagnant swamp years ago little changed stank stinks today fetid stench corruption hangs air,40
11200,cool ruckus,3
11201,taking bribe honorable bob arnold worry congressman sure buy votes need dirty money nation dollar liberty justice,46
11202,,
11203,senator problem essay contest,8
11204,son busy,5
11205,little girl losing faith democracy,8
11206,good lord,2
11207,congressman want drill oil teddy roosevelt head,11
11208,teddy,3
11209,congressman arrest,4
11210,work fast,3
11211,work uncle sam,5
11212,vote house bill expulsion bob arnold,14
11213,mr speaker bill tack pay raise,17
11214,,1
11215,okay bosses happy,8
11216,bosses,2
11217,yep million,6
11218,,
11219,family arrived country months ago spoke english money pockets today nationwide chain wheel balancing centers america possibly canada family find opportunity stars stripes reminded wonderful word flag,64
11220,brief recess judges tabulate votes,12
11221,,
11222,lisa gotten,5
11223,yeah speech little crowd pleasin,10
11224,sorry dad think nice way america stinks,14
11225,extra extra feds nab rotten rep,6
11226,gimme,4
11227,imprisoned congressman born christian,5
11228,believe system works,7
11229,,
11230,trading gap shuffle heap trouble trading gap shuffle yes sir,16
11231,sang song,5
11232,budget gap trading gap,12
11233,moment truth winning essay bubble o melting pot lift high lamp green lady usa cesspool potomac,29
11234,cesspool cesspool cesspool cesspool cesspool,5
11235,winner usa truong van dinh,11
11236,miss crowley thank sized novelty check like share honor fellow essayists particularly courageous lisa simpson inflammatory rhetoric reminded price freedom eternal vigilance,40
11237,check,4
11238,,3
11239,let tell lisa little year old muckraker ess caught crook pay day ball,39
11240,ow,1
11241,bart,1
11242,lis taught stand believe,12
11243,,
11244,homer silly goose weed whacker edges gon na day,19
11245,,3
11246,picture half hee hee finished tomorrow come strap feed bag gon na fire old propane elaine heat meat nummy nummy num,43
11247,y y,6
11248,flanders having beef thon incredible ned ibles maude acious vittles,10
88290,,
11249,think means having barbecue,8
11250,,7
11251,trying friendly know gave ned flanders chance,15
11252,oh look care ned flanders nicest guy world jerk end story,25
11253,hold things little better,18
11254,excuse better thanks lot marge place,14
11255,oh homer,2
11256,wrong worth feeling inches tall find kind person marge simpson president international love flanders fan club,32
11257,,
11258,,
11259,fee fi fo fum smell potatoes au gratin marge simp son mmm,15
11260,hi ned homer sends apologies uh important work plant care,23
11261,,
11262,return exciting fifteenth round action canadian football league draft,16
11263,saskatchewan rough riders scored rouges season jack kicker sorely need,22
11264,stupid flanders showing ahead marge ball game dead eating cry eyes gone flanders oh flanders house leave homer food laughing laughing grave,61
11265,boy mmmmmmmm bar b que,7
11266,hey great ya nice seein ya,11
11267,heya homer,2
11268,okay thanks comin,4
11269,,
11270,,2
11271,electricity,1
11272,electricity electricity freeze tag,7
11273,okay,4
88639,,
11274,hey tagbacks,3
11275,yeah cheater,3
11276,lie like fly booger eye,11
11277,fly funny booger icing cake,13
11278,friends love sinister motive asking sinister latin left handed joking,26
11279,joke,4
11280,friday saying toodle oo pharmaceutical game,10
11281,kid noose wear years,15
11282,going ned,7
11283,sir like americans left handed let tell ai peaches cream writing gets smeared lord help want drive standard transmission,37
11284,sir opening stop store southpaws left handed apple peelers left handed zithers gon na leftorium,23
11285,homer dyin know think leftorium,13
11286,uh sounds like pretty dumb idea,9
11287,know little risky gon na lot hard work gosh darn gon na lot fun,28
11288,fun store flanders merry old land oz,12
11289,oh springfield mall,5
11290,oh wish,7
11291,nah,1
11292,fun,2
11293,,3
11294,want wish homer,10
11295,hmm let,3
11296,nah,1
11297,hmmm,1
11298,heyyyy,1
11299,come homer got ambition wishin,11
11300,pants flanders wishing fast,12
11301,ooooh,1
11302,,
11303,mmmm far,4
11304,okay ready,2
11305,yesssss oh yessss read weep face got chicken bone,15
11306,wish homer,5
11307,wo come true,10
11308,oooh shame,6
11309,flanders,3
11310,,
11311,,
11312,bart hours day watch tv,10
11313,seven good,7
11314,think little fresh air maybe exercise,14
11315,yeah ya gon na,7
11316,marge tv gives asks little boy best friend,14
11317,problem speak millions children staring tv instead getting needed exercise children parents ashamed,29
11318,hello akira ha,5
11319,hurt know ancient art karate,13
11320,karate focuses mind gives self confidence,8
11321,people walks life doctors,7
11322,hii ya,1
11323,homemakers,1
11324,hoo yea,1
11325,landscape architects,2
11326,ugh ya,1
11327,choreographers,1
11328,haa,1
11329,high karate low low prices,6
11330,tell lie great deal,10
11331,ha,1
11332,hey mom learn karate happy,14
11333,sounds fine bart,4
11334,marge knock tv helps think owe somebody little apology,19
11335,,
11336,,
11337,leftorium,6
11338,,
12760,ow ow ow ow,4
11339,hey flanders business,4
11340,oh little pokey things gon na pick,10
11341,sorry owe,10
11342,money away accident,10
11343,thanks validate parking,8
11344,absotively posilutely,2
11345,flanders sold,6
11346,n mall security guards took good long look left handed ice cream scoop,20
11347,,
11348,greetings akira guide path true karate map art war sun tzu teach important lesson learn karate need use,42
11349,um excuse sir know hit guy break nunchucks,19
11350,ah yes impetuousness youth let read,11
11351,akira good man break blocks ice heads,14
11352,fill head wisdom hit ice,15
11353,yo sensei bathroom,8
11354,believe,7
11355,paying money read books hell,9
11356,,
11357,come touch death touch death touch death,11
11358,touch death,3
11359,,
11360,telling flanders store dee serted think bestest buddy marge,18
11361,dad know schadenfreude,7
11362,know schadenfreude tell dying know,16
11363,german term shameful joy taking pleasure suffering,15
11364,oh come lisa glad fall flat butt usually happy comfortable surrounded loved ones makes feel opposite shameful joy thing,41
11365,sour grapes,2
11366,boy germans word,8
11367,bart learn karate school today,10
11368,yeah come boy better worth bucks,11
11369,uh learned touch death,7
11370,ooh touch death,5
11371,permit demonstrate lisa shut eyes soon peace,14
11372,hey quit bart quit hey quit quit quit m o o o m,14
11373,bart use touch death sister,10
11374,,
11375,uh oh got ta karate class,7
11376,missed spot,4
11377,right comin outta way step aside lady,13
11378,hey boy class,5
11379,today learned rip man heart dies,18
11380,oh learn,4
11381,,
11382,ya swipe,3
11383,love lefties shot glass,6
11384,left handed pinking shears,3
11385,pinking shears let food court steal baked potatoes,13
11386,hey flanders busy hours,7
11387,oh oh oh expect things start picking soon think word mouth startin spread,20
11388,hey hear validate parking tickets purchase,9
11389,oh right rain left rain,13
11390,stamp ticket,4
11391,uh okay,2
11392,,
11393,hey homer neighbor store,7
11394,lousy sits day great job place,18
11395,crummy right handed corkscrews sell,7
11396,uh actually moe,4
11397,dunno,2
11398,,
11399,hey lis change channel,5
11400,change,3
11401,okay okay,2
11402,grow weary new channel change,10
11403,bart,3
11404,,
11405,apple apple apple come candy bar hey know apple want sinks gon na let time,30
11406,,
11407,simpson box mr burns desk chop chop,10
11408,ah look smithers member nuclear family helpful suggestions,17
11409,homer simpson sir,3
11410,simpson eh hmm hmmm monty burns,7
11411,hm handsome owner sight distracting female employees smithers,14
11412,got sir,3
11413,oh real apples vending machine sentence,18
11414,leave mr burns,5
11415,oh course worry plenty apples away precious apples,20
11416,note asking,8
11417,tell secretary said free apple right promise,21
11418,damned infernal gizmo kingdom left handed opener,10
11419,um mr burns,3
11420,come homer tell store dyin,12
11421,sorry flanders,2
11422,,
11423,huh,1
11424,sure interested dollars asking price,14
11425,sorry ned,2
11426,hey flexible pay night change mind,21
11427,hey flanders okay,5
11428,oh yeah sure thought rid clutter like,17
11429,oh good good caught dead buying hello,25
11430,ah got eye gas grill butane beaut,12
11431,bucks,7
11432,homer paid dollars year,12
11433,swindled friend bucks leave,12
11434,oh homer reasonable,4
11435,sorry cash neddie homer money bye bye neddie bye bye,14
11436,right homer,3
11437,dollars,2
11438,dollars,2
11439,want,5
11440,,1
11441,changed mind passing fancy threw lawn chairs maybe tool bench rekindle interest,28
11442,,
11443,hey eeboobely care steak rooney,7
11444,sounds scrump didly umptious dear old daddly doodly,5
11445,daddly doodly,1
11446,,
11447,homer flanders entire living room set pay,16
11448,seventy beans,3
11449,seventy dollars ned desperate,6
11450,sure discourage scavenger human misery,13
11451,hey hands china hutch,8
11452,good afternoon sir chuck ellis springfield collection agency ask think need pay bills,27
11453,oh know need pay,13
11454,feel good owe people money patient mr flanders,20
12855,,
11455,know wait minute homer simpson ned flanders lives,14
11456,oh,1
11457,flanders debt sure,7
11458,mistakes,4
11459,damn right handed ledgers write things,8
11460,uh store,5
11461,hey said homer simpson,6
11462,yeah,1
11463,thursday,4
11464,,
11465,,
11466,knock dead boy kid gon na black belt time,13
11467,,
11468,,
11469,hey check saxophone,5
11470,pretty boss stuck,8
11471,hey,1
11472,hey look elvis man,8
11473,belongs,10
11474,want,7
11475,okay sorry time gon na,12
11476,hey stop,3
11477,hey lis wrong,4
11478,punks taste medicine brother knows karate,23
11479,uh oh,2
11480,oh real scared,4
11481,hurt bart,5
11482,gon na throw diapers,10
11483,yeah laughing makes madder come bart start touch death,24
11484,think learned lesson lis,8
11485,want touch death,9
11486,yeah come karate kid waste,7
11487,funny wrongs right,9
11488,,
11489,homer,3
11490,oh flanders uh want stuff,11
11491,house homer nice fellow bank job came locked,28
11492,gon na live car,6
11493,oh oh little campout tonight sister apartment capital city hey think kids big city,26
11494,yay,1
11495,todd want talk uncle homer head car till,19
11496,okay dad gray skies gon na clear,8
11497,happy face brush clouds cheer happy face,17
11498,gloomy mask tragedy style look good glad decided smile pleasant outlook stick noble chin wipe doubt look happy grin spread sunshine place happy face,58
11499,listen singing poor fools homer ruined,10
11500,know,2
11501,know times like turn bible find solace good book help,25
11502,,2
11503,sold seven cents,8
11504,oh,1
11505,know barbecue gone right like curse,17
11506,oh fault,5
11507,,3
11508,yes,3
11509,tried warn gambling family future pig poke listen homer true friend,26
11510,swine,5
11511,listen flanders store,8
11512,days libertarian party headquarters hope better luck,19
11513,flanders open store tomorrow,6
91859,,
11514,oh homer point,5
11515,said,4
11516,hello jerry homer simpson remember month paid loan need favor,24
11517,left handed corkscrew oh baby,5
11518,kiss left handed classic,7
11519,whoa,1
11520,homer simpson phone,5
11521,tell went,5
11522,needs help ned flanders,7
11523,ned flanders trouble,5
11524,,
11525,smithers licked open,7
11526,okay softened sir,9
11527,hold smithers open,7
11528,sir,3
11529,mall explain way,8
11530,,
11531,hurry neddie hurry oh golly miracle,8
11532,lefties tell,7
11533,homer,1
11534,backwards right,9
11535,world turned tin plated friend look proud feel wrath left hand burns,30
11536,life begins today,4
11537,wow icebreaker,4
11538,left handed ledgers write way edge,12
11539,ah ha ha left handed nunchuks,5
11540,wow,1
11541,boys diners club think gone mad oh roadster corner,23
11542,yes sir,2
11543,huzzah shopkeep,4
11544,homer affordable tract housing neighbors friends,12
11545,ned flanders richest handed man town,10
11546,everybody grey skies gon na clear,7
11547,stick noble chin wipe doubt look slap happy grin spread sunshine place happy face,30
11548,,
11549,good mornin world,3
11550,ow,1
11551,,
11552,good morning lisa,3
11553,happy,6
11554,happy beautiful day homework got mojo workin field trip afternoon,27
11555,looks like got genuine glow dark police badge,11
11556,hey stole,8
11557,wants stupid police badge bart,8
11558,hey look got genuine official police badge calling cars come hands,19
11559,hey badge homer,5
11560,officer homer heh heh heh heh,7
11561,,
11562,lousy prize grabbing badge wearing,3
11563,ate homework,4
11564,know dogs,7
11565,,
11566,wait wait,2
11567,,
11568,,
11569,,
11570,,
11571,bart simpson late fill tardy slip,10
11572,minutes pretty damn late,12
11573,,
11574,hey girls look,5
11575,stop lookin,7
11576,,
11577,,
11578,nearly know means,11
11607,,
11608,glasses,2
94618,,
11579,right time field trip chocolate factory trust remembered bring permission slips,22
11580,,
11581,,
11582,,
11583,day,3
11584,,
11585,gon na eat pieces chocolate,7
11586,gon na eat chocolate till barf,7
11587,,
11588,worry bart find fun,11
11589,ah box unsealed envelopes pta,14
11590,making lick envelopes,5
11591,oh licking envelopes fun game,17
11592,kind game,4
11593,example lick hour try break record,21
11594,sounds like pretty crappy game,8
11595,yes started,4
11596,,
11597,oh god cocoa beanie,7
11598,think bart enjoyed way learn,17
11599,,
11600,welcome chocolate factory troy mcclure probably remember films revenge abe lincoln wackiest covered wagon west history chocolate starts ancient aztecs,38
11601,days instead wrapped hygienic package chocolate wrapped tobacco leaf,18
11602,instead pure chocolate like today mixed shredded tobacco eat smoked,24
11603,,
11604,believe said fun,13
11605,thir,2
11606,,
11609,kids play sanitary,4
11610,,
11611,tan die doe dow,4
11612,,1
11613,tan die doe dow,4
11614,hmm minute oh tell teacher let home early,23
11615,die,2
11616,,
11617,,
11618,,
11619,,2
11620,uh oh,1
11621,,
11622,hey kid,5
11623,hands material,4
11624,whaddaya know kid tough,5
11625,got spunk,3
11626,wonder lucky pick horse kid shelbyville downs race good,20
11627,eat shorts,3
11628,eat shorts ah okay let heyy wait minute little punk eat shorts fifth race said race,27
11629,cow,4
11630,hmm cow deuce,13
11631,waiting lucky let bar slot machine card tables,29
11632,cool,1
11633,hey boss race,9
11634,come turn sufferin succotash neck yabbadabbadoo lengths ai stinker folks yam yam comes donhavacow flyin outside wire donhavacow,51
11635,hey like kid believe gon na shoot mix drinks,17
11636,know,3
11637,manhattan,4
11638,legs manhattan,4
11639,sure,4
11640,,1
11641,supoib,1
11642,,
11643,got job,6
11644,oh dunno mixing drinks picking horses cuttin cigars know job,14
11645,bart father want homer,13
11646,pay,5
11647,thirty bucks week,4
11648,pfft,6
11649,lookin thanks doll,7
11650,,
11651,funny true,5
11652,obsoived,2
11653,chief wiggum honor presence,8
11654,baloney gon na rest bars happen know cigarette truck got hijacked route,30
11655,truck,3
11656,play dumb,5
11657,relax chief tense know boy makes excellent manhattan,14
11658,ah gon na away know,9
11659,good chief,4
11660,bart started smoking,5
11661,,1
11662,lie boy,5
11663,aha cigarettes thought,6
11664,boss said warehouse,10
11665,yeah right son gon na teach lesson going stand watch smoke cigarettes maybe learn,27
11666,uh fat tony sent pick goods,11
11667,right man,5
11668,hey kid look good cigarette kind sophisticated,11
11669,son doubt,6
11670,contents hijacked truck thousand cartons laramie,13
13082,homer homer,2
11671,uh number leads let assure smokers shortage cigarettes,25
11672,know,5
11673,right let refer question jack larson laramie tobacco products jack,16
11674,thank chief folks pleased announce new truckload laramies smooth good taste rich tobacco flavor heading springfield driver instructed ignore stop signs crosswalks,41
11675,police suspect involvement reputed mobster william fat tony williams,12
11676,fat tony cancer fair city cancer uh cures cancer,21
11677,bart boss crook,6
11678,think explain awful lot,11
11679,,
11680,boys wish thank hanging stuff,15
11681,thanks uh guys crooks,7
11682,bart um wrong steal loaf bread feed starving family,16
11683,,1
11684,suppose got large starving family wrong steal truckload bread feed,20
11685,uh uh,1
11686,family like bread like cigarettes,11
11687,guess okay,4
11688,instead giving away sold price practically giving away crime bart,26
11689,hell,2
11690,enjoy gift,3
11691,supoib,1
11692,,
11693,fingers hair sly come hither stare strips conscience bare witchcraft gimme fingers milk ma,24
11694,,
11695,know good boy time job sure people bart working thinks criminals,26
11729,kiss death need,8
11696,job job mean plant pollutes water poisons town logic criminal,27
11697,bart acting strangely pizza delivery truck parked street weeks,20
11698,long deliver pizza,9
11699,,
11700,looks like cover blown,5
11701,let roll,2
11702,,
11703,imagination,6
11704,homer want club talk kind people homie,24
11705,oh right,3
11706,,
11707,hee hee hee hee hee read weep boys pair sixes,12
11708,beats,2
11709,bluffin,3
11710,win homer,4
11711,,
11712,thrilled decided let boy continue work,13
11713,know need hat check girl got daughter,13
11714,homer hellava father,5
11715,,
11716,homer find,6
11717,marge thing going lot male bonding,14
11718,,
11719,stink lines boys,4
11720,boys,7
11721,ai seen beat,7
11722,,
11723,fat tony invite associates club promise finest manhattans springfield bartender,30
11724,know happened late louie manhattans,13
11725,know wine spritzers,9
11726,,1
11727,deserve flat flavorless manhattan,10
11728,come boys,3
11730,lousy skinner,2
11731,late work,5
11732,course late work time principal skinner keeps school,19
11733,guy skinner causing trouble,6
11734,sure patrone,4
11735,hm meet greet individual come boys,14
11736,,
11737,large men sir,7
11738,appointment large men,10
11739,skinner,2
11740,principal skinner yes ask past hall monitors,16
11741,,
11742,children know break principal skinner missing,15
11743,uh oh,1
11744,,
11745,,
11746,thought found cat,11
11747,,
11748,,
11749,assure advanced scientific techniques field body finding,22
11750,wedding bells vanna white teddy kennedy,10
11751,princess opal stick principal skinner,11
11752,chief wiggum merely conduit spirits willie nelson astound fans swimming english channel,21
11753,willie nelson,3
11754,,
11755,loved fire drills,4
11756,ya hold lass wee bairns,12
11757,,
11758,hey look skinner body,7
11759,funny lewis,5
11760,heard skinner buried parking spot,9
11761,heard ground hamburger served lunch,14
11762,heard bart skinner killed gangsters,8
11763,true rumor engaged speculation know law prove,19
11764,,
11765,killed bart,4
11766,,
11767,killed bart,4
11768,,
11769,k killed bart,4
11770,,
11771,,
11772,reverend lovejoy come comfort,8
11773,yes bart,6
11774,,
11775,kill boy kill boy,6
11776,,
11777,,
11778,,
11779,hours early work like,9
11780,kill principal,5
11781,uh chinese guy mustache,6
11782,principal,3
11783,skinner guy naw kill,8
11784,arrest murder seymour skinner,12
11785,murder,3
11786,play dumb cuff boys,8
11787,,
11788,oh bart gotten paper route like boys,13
11789,wait till home boy,7
11790,guy,5
11791,lionel hutz court appointed attorney defending charge murder wow lose famous,23
11792,,
11793,simpson boy looking eighty years,11
11845,yeah right,3
11846,,
11794,thank god live country hysterical crime year old child tried adult,21
11795,,
11796,order skinner guy killed,7
11797,head gang,8
11798,stop club occasionally read complimentary newspaper,13
11799,kingpin capo de tuti capi,10
11800,guy,3
11801,hey,1
11802,forgive don bartholomew,4
11803,tried stop kid quit like went crazy,16
11804,prostitution loan sharking numbers kid liked wet beak,13
11805,mr simpson boy father years think leader murderous criminal syndicate,24
11806,leader mean oh true true pieces fit,15
11807,light damning testimony fellow gangsters father teachers seemingly endless parade emotionally shattered baby sitters court choice,30
11808,stop,1
11809,principal skinner,2
11810,thought dead,5
11811,suppose wondering started week ago desk revising updating school dress codes,27
11812,,
11813,suddenly confronted gang toughs acting behalf bart simpson said,20
11814,think promise boy,8
11815,,2
11816,okay okay yell,7
11817,,
11818,mind ugly confrontation went home began bundling old newspapers suddenly pile fell trapped let lesson recycle frequently,33
11899,eww lemon ugh cherry hmm custard mmm purple,8
11900,,
94829,,
11819,week stayed alive eating mother delicious preserves maintained sanity dribbling nearby basketball free hand game seeing times bounce ball day trying break record occasionally police arrived search home,59
11820,,
11821,find time boys,5
11822,nah sign chief,6
11823,princess opal,2
11824,afraid splitsville delta burke major dad,15
11825,happy,5
11826,shouted hoarse hear,11
11827,,
11828,,3
11829,let,3
11830,okay chief,2
11831,finally realized going,20
11832,formed crude rocket discarded cigar tube remembering experiment days fourth grade science teacher concocted fuel baking soda juice discarded lemon wedges,37
11833,rocket took mighty blast carbon dioxide dragging end vacuum cleaner cord,21
11834,grabbed vacuum cleaner pushed cord retractor button way freedom,19
11835,,
11836,courageous story,5
11837,honor prosecution moves principal skinner testimony stricken record,14
11838,denied case dismissed,3
11839,honor paid,7
11840,,
11841,hey bart hope hard feelings,9
11842,bent,2
11843,deserved look know let boys think got big future racketeering extortion,27
11844,sorry fat tony think gang cool learned crime pay,19
11901,,
11847,blood blackboard bart simpson story starring richard chamberlain principal skinner joe mantegna fat tony jane seymour woman loved tv doogie howser neil patrick harris bart simpson,36
11848,bart scared let outta,7
11849,shaddup,1
11850,want skinner,6
11851,smart,2
11852,cool,1
11853,hey check,9
11854,said changed pay,15
11855,know real crooks sleazy hollywood producers,11
11856,,
11857,good news according eye catching article sat scores declining slower rate,16
11858,dad think paper flimsy hodgepodge pie graphs factoids larry king,16
11859,hey paper america afraid tell truth fine,20
11860,bestest bud milhouse happy birthday bart,8
11861,bart sweet card,9
11862,hey year old afford new drum,13
11863,nice pair bongos ewww,9
11864,,
11865,open open open,7
11866,uh maybe little later bart,6
11867,aw milhouse cuz mom let party mean present,19
11868,lovely time saturday milhouse,8
11869,liked balloons,4
11870,liked party hats,5
11871,girls talkin,6
11872,,1
11873,twins open present,4
11874,official krusty clown walkie talkies want talk phone tell turn walkie talkie,35
11875,milhouse like express appreciation saturday jelly bean baskets personalized noisemakers little touches enduring,23
11876,talkin,4
11877,uh hey look dog,9
11878,wow brown,2
11879,whoa springfield elementary stop oh way like thanks applause applause birthday boy milhouse totally bitchin party saturday,29
11880,uh milhouse think left pants roof,12
11881,party invite thought best friends,16
11882,sorry bart,2
11883,bye little dudes learn learn,9
11884,,
11885,ah monday morning time pay days debauchery hung drones,15
11886,sir,2
11887,yeah weekend smithers,9
11888,caught laundry wrote letter mother oh kicker took hercules clipped,24
11889,devil hercules,5
11890,yorkshire terrier sir kind tiny know joke picture herkie,20
11891,smithers know paint town red,11
11892,ask spent weekend,8
11893,bit overly familiar allow took movie appalling little piece filth leading lady blonde harlot spent half film strolling naked jaybird,38
11894,great unwashed pair oversized breasts happy ending oink time,21
11895,movie blonde cutie assets,11
11896,sounds like kind flick,6
11897,,2
11898,,
11902,otto welcome,2
11903,apu hey got ba ad case munchies man time heat lamp dog,15
11904,oh otto otto know small child inside bus,13
11905,ooo good thing warned way mexico,13
11906,,
11907,,
11908,old fashioned movies sexier actors kept clothes vilma banky raised eyebrow entire,28
11909,warning problem sector,5
11910,g good god safety inspector,8
11911,homer simpson sir,3
11912,simpson eh good man intelligent,5
11913,actually sir hired project bootstrap,8
11914,thank president ford,4
11915,,
11916,huh noise bad noise,4
11917,minutes critical mass,5
11918,critical wha okay okay panic whosever problem sure know handle,18
11919,huh ahhh problem doomed,7
11920,sector g isolated,6
11921,,
11922,best friend shafted otto man,11
11923,aw sure know old lady ran married brother hurt month later sleeping couch,32
11924,,
11925,margarita want,4
11926,mr devereaux work conditions,8
11927,way baby fired,7
11928,oh avery,2
11929,mr devereaux,6
11930,interrupt search sun special news bulletin,11
11931,meltdown crisis couple minutes,7
12364,k b b talk radio,3
11932,forget hair blush oh,11
11933,station learned crisis progress springfield nuclear power plant,18
11934,oh lord,3
11935,line plant owner montgomery burns mr burns,14
11936,oh hello kent right skilled nuclear energy technicians calmly correcting minor piffling malfunction,16
11937,,
11938,,
11939,assure public absolutely danger whatsoever,16
11940,,
11941,things ship shape,6
11942,sir radiation suit,5
11943,hell know,6
11944,,
11945,uh mr burns people calling meltdown,9
11946,oh meltdown annoying buzzwords prefer unrequested fission surplus,17
11947,homie right,5
11948,,
11949,got ta think got ta think okay thingee tells work stuff um uh manual manual right,26
11950,uh huh fat phone book congratulations purchase fissionator slow fission reactor point man ooh,27
11951,thought nuclear reactor complicated,10
11952,,
11953,ninety seconds core meltdown,5
11954,sir time love sir,13
11955,oh hot dog thank making moments earth socially awkward,15
11956,,
11957,looks like end,6
11958,right led richer life,10
11959,,
11960,meltdown expect roving bands thieves tie traffic,16
11961,like program,5
11962,change channel,3
11963,wheel fortune,3
11964,,
11965,understand look stupid dictionary picture,18
11966,,
11967,dear lord spare town smoking hole ground try better christian know ummm oooh time canned food drive poor actually like instead old lima beans pumpkin mix,55
11968,,
11969,minute core meltdown,5
11970,shut,2
11971,simpson showtime,8
11972,okay okay think training,7
11973,,
11974,homer save life day homer,13
11975,yes,1
11976,pay attention button controls emergency override circuit event meltdown push button button,24
11977,ooh,3
11978,simpson,1
11979,,1
11980,button pushing,7
11981,yeah yeah yeah push button got,8
11982,fault okay got ta pick button pick button pick button uh potato potato potato wait bubble gum bubble gum dish pieces wish,41
11983,,
11984,thirty seconds core meltdown,5
11985,oh smithers guess left kiss sorry butt good bye,14
11986,sir,3
11987,,
94987,,
11988,unfortunate people instantly killed circle sad experience slower considerably painful death,27
11989,good lord,2
11990,,
11991,called old fashioned teaching duck cover laughing,14
11992,,
11993,seconds core meltdown,5
11994,eenie meenie minee moe catch tiger toe hollers let eenie meenie minee moe,20
11995,systems returning normal danger g neutralized nice day,13
11996,,
11997,,6
11998,sure baby meltdown,4
11999,,
12000,like solve puzzle loins fountain,11
12001,,
12002,yes isolated problem know false alarm single wayward crow flew warning system,22
12003,good sir point nuclear hysteria taken reporter promises trusting vigilant future,25
12004,,
12005,excellent ta hmmm smithers sell snake oil bring wine spritzer stingy vino,26
12006,yes sir,2
12007,smithers underestimated homer simpson employee month,12
12008,,
12009,milhouse little salt,4
12010,sure,1
12011,party let play,10
12012,bart mom wo let friend anymore come party,18
12013,got,5
12014,says bad influence,6
12015,bad influence ass times told listen mother,16
12016,bart threatened cut allowance,9
12017,paying double,7
12018,sorry bart,4
12019,,
12020,sir employee month recall percent ceiling keogh plan saved company,24
12021,smithers bean counter simpson man,10
12022,hey way save lives,6
12023,yeah owe,5
12024,hey know boys nuclear reactor lot like woman read manual press right button,24
12025,simpson monty burns come,7
12026,homer bravery skill award ham plaque discount coupon book personal thumbs,28
12027,insure immortality heroic visage added wall fame oh uh congratulatory phone earvin magic johnson,29
12028,magic johnson,3
12029,homer simpson,5
12030,yeah,1
12031,wow homer time congratulate diverting nuclear holocaust,19
12032,thank,3
12033,magic play ankle incredible pain,12
12034,care,3
12035,uh magic people think guy hero lucky,16
12036,worry sooner later people like exposed frauds,15
12037,thanks magic,2
12038,,
12039,bart laughing subtle,6
12094,think marge,5
12040,nah depressed milhouse mom wo let play,14
12041,homer buy pound ham,15
12042,heroic competence narrowly averting melt proving question nuclear power completely safe employee month ohh homer,21
12043,role model home convenient,10
12044,look admiration respect work need home,16
12045,enjoying ham homie,7
12046,tastes bitter like ashes mouth,10
12047,hmm actually honey glaze,9
12048,maybe ate clove,5
12049,problem boy,4
12050,fight milhouse,6
12051,eyes big nose need friends like,12
12052,zen,2
12053,,8
12054,looking quiet awe,6
12055,long quiet,6
12056,milhouse bart milhouse bart hate,11
12057,,
12058,oooh right boss eh know,13
12059,,
12060,ah simpson want meet aristotle amadopolis owner shelbyville nuclear power facility,18
12061,huh wha,2
12062,ari having terrible worker problems shelbyville,10
12063,lost zest work help find eanae eharatou nah duleve,13
12064,eanae eharatou nah dule,2
12065,yeah,1
12066,want pep talk turns bunch donut eating goof offs pack homer simpsons,24
12067,tell sir,8
12095,,
12068,oh cut false modesty getting tiresome duty employee month ham plaques,21
12069,smithers kind pay visit,11
12070,help sir parking terrible,9
12071,man love power plant,9
12072,begone sight,4
12073,problem,6
12074,,
12075,community chest,5
12076,nah,1
12077,nah,1
12078,ah won second prize beauty contest collect bucks,12
12079,ha ha losing,4
12080,bart feed sister hotels,6
12081,worry mom tons things,8
12082,think game old play milhouse,16
12083,wanna play milhouse,6
12084,mean,9
12085,mom says bad influence maggie let throw rocks hornet nest,19
12086,,
12087,mrs van houten bart mother met emergency room boys drank paint,18
12088,remember come,5
12089,,
12090,marge sorry think better milhouse son,16
12091,look know bart handful know like inside got spark bad thing course makes bad things,33
12092,marge day milhouse told meatloaf sucks gotten little boy certainly word tv,29
12093,defend let face bart milhouse young girls popular target bullies christmas pageant sheep let friends,45
12096,time somebody tells county folk good honest people spit faces,21
12097,mr gumbel excuse profiling dad school paper thought neat follow day makes tick,36
12098,oh sweet follow dad lot bars,15
12099,beer chocolate milk,8
12100,uh excuse chocolate milk,8
12101,oh,1
12102,matter homer depressin effects alcohol usually kick til closing time,16
12103,little nervous speech tomorrow cool crisis,20
12104,gon na gon na,10
12105,hey speech pretty nervous little trick pictured underwear judge jury lawyer everybody,31
12106,work,3
12107,free man ai,6
12108,,
12109,milhouse bart want come play,11
12110,friends mom die,10
12111,uh think,5
12112,cares milhouse right sorry maggie game,11
12113,hey mom friends milhouse,7
12114,knew mother come senses,10
12115,thanks sticking,6
12116,makes think,7
12117,,3
12118,good,3
12119,,2
12120,,
12121,look sea smiling faces filled sense loathing revulsion workers pack mangy cud chewing ugly goats treat today real man behold glory homer simpson,54
14097,poor guy,2
12122,uh ladies gentlemen,4
12123,picture underwear,6
12124,um grace pressure,6
12125,minutes meltdown,4
12126,whew saved bell,5
12127,seconds core meltdown,5
12128,,6
12129,right,2
12130,,
12131,eeenie meenie minee moe catch tiger toe hollers let eenie meenie minee moe,20
12132,crisis averted super,7
12133,thank homer saving plant idiotic rhyming know button pushed,19
12134,sure moe,2
12135,eenie meenie minee moe homer hero answer kent brockman cents scott christian laugh half,31
12136,thanks kent dumb luck news today police chief wiggum foiled bank hold trying chief come bank cash penny jar,39
12137,,3
12138,good work chief,3
12139,job,4
12140,yes chief pulled homer simpson,12
12141,,
12142,whoa,1
12143,huh pretzel wow looks like pulled homer,10
12144,,
12145,lakers ball magic johnson coming floor fast break magic stops feet slip ball flies hand hits referee head goes basket point play lakers win,49
12146,looks like pulled homer,6
12147,,
12148,dad belongs ages,8
12149,,
14098,,
12150,hold hand final axe,8
12151,kids time today,10
12152,like thank sideshow mel corporal punishment tina ballerina oh knots landing miss donna mills oh sport,23
12153,lots lots lots lots lots time come old clown found dead bed heaven,40
12154,time,5
12155,,
12156,great krusty laughed,8
12157,yeah yeah yeah nicotine gum,7
12158,ahh stuff damn exhausted kids like ice,14
12159,got merchandising meeting,6
12160,cancel,2
12161,therapist,1
12162,cancel,2
12163,personal trainer,2
12164,cancel,2
12165,opening line giants half,11
12166,dime,5
12167,thank dinner bart simpson,6
12168,know bart simpson,6
12169,krusty boy saved jail,9
12170,terrible terrible mistake uh wo happen,11
12171,boy trusted bart,11
12172,yes sir,2
12173,thank,2
12174,,
12175,oh yeah cancel,4
12176,,
12177,hello,1
12178,,
12179,mrs simpson lois pennycandy krusty clown executive assistant,11
12180,oh hello mrs pennycandy,4
12210,read,2
12181,miss pennycandy assure sorry inform krusty joining bart dinner,23
12182,oh dear fifth time cancelled hurt loves,18
12183,oh mrs simpson wasted womanhood asking question apologize important came minute,24
12184,,
12185,lousy mildew eh good,6
12186,,
12187,thank calling good bye,6
12188,okay milhouse krusty autographs,12
12189,,
12190,,2
12191,consider,3
12192,walking suddenly dig dig dig,21
12193,,
12194,start big,8
12195,sweetie sorry krusty coming dinner,10
12196,aw man,2
12197,dear krusty bart simpson krusty buddy respectfully returning badge,13
12198,,
12199,suspected life mattered know sure bent bart simpson,17
12200,,
12201,ooh sex chat,3
12202,reached party line moment connected hot party world beautiful women let join party,29
12203,hello,1
12204,hello,1
12205,women,6
12206,hello,1
12207,beautiful woman,5
12208,sound like beautiful woman,7
12209,sort party anticipated,11
97234,,
12211,uh ehhh deeee eeee deeaar dear krust,6
12212,says little boy lost faith lost faith krusty going bart simpson house dinner tonight,28
12213,plans,4
12214,hey face,4
12215,maddening impossible man tonight wo tomorrow,15
12216,oh alright,4
12217,sure hate missing schnapps night friars club,11
12218,,
12219,bart wipe feet,4
12220,bother dirty,7
12221,got good news krusty clown coming dinner tonight,13
12222,sure,4
12223,yes,1
12224,god bless clown,4
12225,think,4
12226,hi kids hey hey,4
12227,heh heh cute kid,4
12228,oh hi bart neighborhood krusty clown surprise,16
12229,milhouse come drop charade,9
12230,krusty tonight,8
12231,talking course,9
12232,dad krusty guest pratfalls punchinello antics necessary,14
12233,,1
12234,yeah relax,6
12235,ohh relief,4
12236,wait car,5
12237,seen monkey,6
12238,wants grace,5
12239,let guest,8
12240,bless o lord,4
12241,hey,1
12242,krusty honors,6
12269,clown respected member community,11
119204,,
12243,alright little rusty um try baruch ata addonoy elohanu melech ha olom ha motzee le chem mean ha aretz,20
12244,talking funny talk,4
12245,dad hebrew krusty jewish,8
12246,jewish entertainer outta,6
12247,dad prominent jewish entertainers including lauren bacall dinah shore william shatner mel brooks,17
12248,mel brooks jewish,4
12249,krusty alright,4
12250,yes saying brucha brings lot painful memories old days father,20
12251,hey krusty gon na finish meatloaf,10
12252,poor krusty like black velvet painting come life,11
12253,krusty tell wrong feel better,11
12254,yeah spill guts man,5
12255,come,2
12256,yeah krusty tell,4
12257,okay real krusty clown hershel krustofsky father rabbi father rabbi father father idea,34
12258,,
12259,father respected man lower east springfield people come miles ask advice,24
12260,reb krustofsky finish college,6
12261,yes poor lacks knowledge,10
12262,rabbi child,6
12263,yes child blessing house,10
12264,rabbi buy chrysler,6
12265,rephrase ethical question,10
12266,hmm right buy chrysler,8
12267,yes great car power steering dyna flow suspension,12
14869,,
12271,hershel life fun life seltzer drinking spraying pie noshing throwing,22
12272,papa,3
12273,zetz wo know hit,21
12274,,
12275,dad wanted follow footsteps pull clowning strong got big laughs yeshiva impersonating father,27
12277,,
12278,boy follow footsteps,9
12279,worry like bathroom,11
12280,little,3
12281,krusty continue,3
12282,okay,1
12283,,
12284,father tried extinguish comedy bug use,13
12285,bathroom,7
12286,away,2
12287,open door instant,5
12288,oy gevalt,2
12289,close door,3
12290,,
12291,came big break talmudic conference catskills entertainment,16
12292,lord works mysterious ways,7
12293,know son hershel yeshiva class matter fact voted likely hear god,27
12294,oh hymie exaggerating proud son,13
12295,rabbi exaggerate rabbi composes creates thoughts tells stories happened exaggerate,24
12296,father suspected thing rowdy rabbi,16
12297,hey funny man,2
12298,hershel hershel oy vay iz mir,6
12360,son,4
12299,brought shame family oh musician jazz singer forgive want clown,34
12300,,
12301,seen father,7
12302,sad,4
12303,krusty think father lot,9
12304,time track business,13
12305,look bart,4
12306,oh fun,4
12307,hey whoa,2
12308,oh fourth july believe little boy pictures bart,17
12309,yeah got lot fond memories,8
12310,look time midnight,7
12311,yearbooks,5
12312,seen,6
12313,uh milhouse know knock knock jokes,7
12314,want home,5
12315,homer maybe better milhouse home,7
12316,gladly,1
12317,wow concert bangladesh,5
12318,goodnight krusty sorry dad,6
12319,worry survivor,7
12320,hey leave keys inside,7
12321,,1
12322,oh yeah,5
12323,,
12324,,
12325,academy award playhouse returns hercules martians,11
12326,welcome spaceship mighty hercules,6
12327,,
12328,,
12329,hello hello anybody,4
12330,,
12331,,
12361,oh great came way wrong guy,12
12362,mean literally,5
12332,hear phone ring sudden listening talking hello mister ya want talk ya,38
12333,,
12334,,
12335,itchy jr look happy playing father scratchy jr look happy playing dad got run thresher beautiful cartoon love god cut commercial,41
12336,poor krusty,2
12337,man envies family man needs help,12
12338,got,5
12339,let,2
12340,,
12341,reverend lovejoy need help find rabbi,11
12342,um rash decisions let remind church changing meet needs today young christians,26
12343,converting want find rabbi krustofsky,13
12344,rabbi krustofsky radio sunday night,14
12345,,1
12346,know,4
12347,gee mention sermon week,9
12348,oh oh radio,5
12349,oh yeah kids talk monday school,12
12350,oh free t shirt coolest kids playground,15
12351,later rabbi address,13
12352,oh sure thing let check non christian rolodex,10
12353,,
12354,bet rabbi misses krusty,6
12355,happy crying beard,10
12356,,
12357,excuse rabbi krustofsky,4
12358,oh young friends,10
12359,came talk son,9
12365,order broadcasting license devote sunday night dead time public service shows limited appeal,21
12366,spirit bring gabbin god sponsored ace religion supply got ai holy,25
12367,tonight wise men reverend timothy lovejoy monsignor kenneth daley rabbi hyman krustofsky,21
12368,okay caller shelbyville heights,9
12369,yes hi suffering injustice world wonder god exists,19
12370,,1
12371,second,4
12372,,3
12373,great good conversation good rabbi,13
12374,hello anybody hear breathing hear talking going hello mister hello hello,19
12375,people got people hang kinds meshugoyim world,20
12376,,
12377,,
12378,okay let clear board caller young boy right springfield,17
12379,hello dimitri time caller long time listener,12
12380,,
12381,question son defies father chooses career makes millions children happy father forgive son,25
12382,,
12383,think,3
12384,yes course,3
12385,way absolutely screens calls charge charge leave building people watching anybody wants stupid person,37
12386,,
12387,worry lis got plan fail,10
12388,,
12389,yiddle man genius,6
12390,love work,4
12391,,
12392,oh best charity let people know,13
12393,example encourages,9
12394,speaking charity rabbi krustofsky think time forgave son,14
12395,understand boy broke heart turned traditions faith little pisher,29
12396,,
12397,oy guy tough,4
12398,bart gon na smart,8
12399,know pretty sharp saw right disguise,12
12400,,
12401,saul bellow nobel prize winning jewish novelist wants lunch ah ah date izzy deli,28
12402,,
12403,french government wants legion honor receive prestigious award izzy deli thank monsieur president,26
12404,,
12405,au revoir,2
12406,,
12407,kids ready order,7
12408,sorry bowl complimentary pickles,10
12409,watch fast,5
12410,sir,4
12411,oh let want nice sandwich joey bishop ugh fatty jackie mason know sauerkraut makes gassy bruce willis like work krusty clown,40
12412,ham sausage bacon smidge mayo,10
12413,,1
12414,white bread,3
12415,listen tell mr saul bellow nobel prize winning jewish novelist lost appetite,17
12416,uh direct president francois mitterrand table,10
12417,think funny,4
12418,million frenchmen wrong,6
12419,,
12642,,
12420,bart going wrong thing rabbis prize,17
12421,stupid hats,3
12422,bart knowledge,3
12423,,
12424,gon na hit hurts right judaica,11
12425,ahhh noah noah save save,8
12426,looks good bart,8
12427,,
12428,told away,6
12429,rabbi babylonian talmud quote child pushed aside left hand drawn closer right,32
12430,yes,1
12431,religion command krusty,11
12432,exodus fifth commandment says honor thy father thy mother end story,16
12433,,
12434,oh hopeless,3
12435,got dynamite stuff rabbi simon ben eleazar,12
12436,,
12437,times let man supple reed rigid cedar,17
12438,short learned friend book joshua says shall meditate torah day night,21
12439,,
12440,,
12441,written talmud bring redemption jesters,13
12442,sorry friend convinced hardly time place discuss,18
12443,,
12444,bart long shot learning ancient hebrew,18
12445,bart gon na learn ancient hebrew,8
12446,,
12475,gentle loveable oh mein papa understood,15
12476,got eye,6
12477,hanky,4
12478,eeww,1
12447,rabbi great man quote jews swinging bunch people mean heard persecution went ridiculous great thing thousands years waiting holding fighting finally end quote,53
12448,ohh heard plight people phrased eloquently said rabbi hillel,17
12449,nope,1
12450,judah pious,5
12451,nope,1
12452,mamonides,1
12453,nope,1
12454,oh got dead sea scrolls,9
12455,afraid rabbi yes sammy davis jr entertainer like son,18
12456,candy man,3
12457,performer think way maybe completely upside problem years joy lost stubborn ways,29
12458,rabbi late,7
12459,,
12460,yeah yeah yeah hi kids today gon na funniest cavalcade ah hell roll cartoon,23
12461,oh yeah old friends right heart,10
12462,oy filthy habit,5
12463,asked father,4
12464,son,1
12465,papa,1
12466,hershel,1
12467,daddy,1
12468,boychik,1
12469,oh daddy,2
12470,krusty,3
12471,boys girls like moment spotlight,16
12472,wanted wanted come guys spotlight bit,15
12473,let warm krusty welcome estranged father rabbi hyman krustofsky,13
12474,lenny little reconciliation music oh mein papa wonderful oh mein come dad know words,33
12479,seen years,8
12480,oh love son,5
12481,love daddy,5
12482,,
12483,conclude halloween newscast scary note remember presidential primaries months away,20
12484,hey like russia,9
12485,trick treat man,4
12486,hey little old wearing costumes,13
12487,hand candy old dude egg house stone age,16
12488,kids lousy punks,6
12489,,
12490,home,2
12491,good haul year,6
12492,heh heh heh jackpot,3
12493,proud kids,8
12494,gotten lisa walk faster,11
12495,select costume mobility wore salute noble native american pacific northwests,20
12496,yahhh,1
12497,children piece candy tonight save rest,15
12498,eat nightmares,8
12499,oh yeah everybody family gon na bad nightmare tonight,13
12500,oh yeah bad nightmares,5
12501,like,5
12502,,
12503,dump princess grace live place like,13
12504,dad monaco,3
12505,,
12506,,
12507,wanna,8
12508,eeuhgh thing,5
12509,monkey paw dating allal ben abdallah power grant wishes owner,21
12510,oh yeah,4
12548,look everybody purse exploded,5
12511,sir strongly advise purchase wish lurks grave misfortune president algeria,23
12512,pal wanna hear life story paw,11
12513,,
12514,ugghh homer ugly thing,9
12515,little shop right,8
12516,oh wait,7
12517,sorry,3
12518,,
12519,flight seven marakesh springfield boarding,7
12520,moment,3
12521,,
12522,shoot shoot souvenirs,6
12523,pay fine american dollars,9
12524,okay,1
12525,,
12526,let wish x ray specs work,8
12527,bart peace earth,5
12528,x ray specs,2
12529,peace earth,3
12530,x ray specs,2
12531,peace earth,3
12532,x ray specs,2
12533,peace earth,3
12534,x ray spects,2
12535,peace earth,3
12536,forget wearer house wish,16
12537,homer like severed hand,10
12538,marge flake monkey paw gon na dreams come true,16
12539,oh maggie wish,6
12540,oh land,3
12541,ooh luxury car good baby good maggie,8
12542,ooh new pacifier,4
12543,,
12544,okay fooling paw bart wish simpsons rich famous,19
12545,talkin,3
12546,yaaayyy,1
12547,woo hoo,2
12549,everybody going fanciest restaurant town,10
12550,,
12551,terribly sorry absolutely june,9
12552,ah simpsons right way,7
12553,homer maybe fame fortune bad,11
12554,hear thing simpsons swear going scream,15
12555,cute funny annoying,12
12556,,
12557,eighteen bucks rip,7
12558,,
12559,man thing gettin outta hand,7
12560,,
12561,oh wo,7
12562,,
12563,oh homer awful,5
12564,come think guy sold thing wishes bring grave misfortune thought colorful,27
12565,wish world peace,5
12566,lisa selfish,7
12567,sorry falklands old boy,6
12568,ah forget kind knew,10
12569,wo needing anymore,5
12570,people smile brother everybody try love right,17
12571,,
12572,foolish humans,2
12573,oh yes kodos earth ripe plucking,10
12574,,
12575,,
12576,people earth come spirit hostility menace,14
12577,let reasonable resolve differences peacefully,10
12578,ow,1
12579,superior intellect match puny weapons,10
12580,colonel got,6
12581,want baker,11
12608,bad dream sleep bed,11
12582,konking club wished saved bomb,13
12583,humans,3
12584,simpsons fault,6
12585,bored antics merchandise wish dead,17
12586,,
12587,jeez slaves paw sucks,7
12588,ok ok wish backfire wish turkey sandwich rye bread lettuce mustard want zombie turkeys want turn turkey want weird surprises got,49
12589,hey hmm bad nice hot mustard good bread turkey little dry turkey little dry oh foul accursed thing demon depths hell created thee,31
12590,hey fellow slave monkey paw dealies lets wish things,17
12591,yeah got ta warn thing ee yeah wanna try heh heh heh,22
12592,okely dokely,1
12593,ohh ya look,6
12594,kneel slingshot puny earthling,6
12595,guess wish rid awful aliens,14
12596,aarsh got board nail,10
12597,save humanity ya,5
12598,run kodos,2
12599,,
12600,kang earthlings won,7
12601,board nail defeated humans wo stop bigger boards bigger nails soon board nail big destroy,42
12602,,
12603,hey homer little thing ma jig works great saved earth maybe oughtta spruce homestead,22
12604,wish monkey paw,7
12605,,
12606,bart bart,2
12607,huh,2
12609,,1
12610,candy necklace,6
12611,climb aboard,2
12612,thanks bart,2
12613,talk sleep,4
12614,,
12615,presented consideration springfield average little town average monster,13
12616,,
12617,happy thoughts happy thoughts good day happy thoughts,10
12618,people springfield sure think happy thoughts happy things particular monster read minds displeased turn people grotesque walking terrors,33
12619,happy thoughts happy thoughts boy gettin mighty sick,11
12620,ruff ruff ruff bow wow,4
12621,,
12622,mention monster year old boy twist eh bet coming,24
12623,good morning,2
12624,morning,1
12625,good morning dear,3
12626,hiya bart boy heh heh heh heh,9
12627,day old cat interesting,10
12628,oh better,4
12629,better oh good curtains fire,9
12630,good awful thing bart real good,12
12631,better ready school,8
12632,okay,1
12633,gets family know monsters,16
12634,,
12635,hi guys hi otto driving,8
12636,little buddy rule oh wait little dude gnarly powers,21
12637,,
12638,,
12639,quit riding brake otto gas man,10
12640,hey fun going die,12
12641,hi ya bart,3
12666,bart,1
12643,class history country changed huh correspond bart answers yesterday test,20
12644,america discovered guy country called america anymore bonerland,17
12645,attention principal skinner bart hello ma baby hello ma honey hello ragtime gal send kiss wire,28
12646,phone,1
12647,,
12648,happy thoughts happy thoughts love boy,8
12649,moe tavern hold check hey everybody stupid moron ugly face big butt butt smells like kiss butt,32
12650,new,4
12651,wait minute,4
12652,,
12653,time hello ma baby hello ma honey hello ragtime gal doubletime send kiss wire,21
12654,love school,3
12655,,
12656,come,11
12657,want watch krusty,5
12658,shut boy field goal win bucks,13
12659,kick looking good ball turning fat bald guy,15
12660,,
12661,good know everytime strange happens good bart good,23
12662,consecutive hours little boy wo let stop let sideshow mel legal counter wake drugs,44
12663,yayy,1
12664,slowly slowly sound think hear thoughts expecting bash head chair end monster heh heh heh,34
12665,,
12668,young man coming,8
12669,,1
12670,,
12671,like attention bart,6
12672,,3
12673,problem care good attention getting good marks school bad attention turning father jack box,34
12674,homer agree theory,8
12675,nodding air conditioning,7
12676,bad attention boy craves coming want spend quality time know maybe love,33
12677,ouch,1
12678,good night son,3
12679,good night dad know days swell wish repay,24
12680,wanted body,12
12681,got,3
12682,oh ah thanks boy,4
12683,love dad,4
12684,love son,4
12685,,
12686,yaahhh,1
12687,mom dad,2
12688,goodness wrong,4
12689,nightmares,4
12690,sleep,5
12691,toilet trained,3
12692,yes,1
12693,okay coupla hours work got ta work work,23
12694,look smithers goldbrickers lay abouts slug beds,7
12695,,
12696,little realize days suckling teat numbered,13
12697,oh meantime sir suggest random firing throw fear god,20
12698,,2
12699,eeney meany miney ugh,5
12700,,
12701,attention homer simpson attention homer simpson wake homer,9
12702,huh,2
12703,fired,2
12704,,2
12705,sleeping job,5
12706,know sleeping,7
12707,watching surveillance camera,8
12708,camera,1
12709,,
12710,,
12711,smithers laboratory,4
12712,,
12713,,
12714,know smithers despised laziness common worker realized spirit willing flesh weak replaced flesh weak steel strong behold greatest breakthrough labor relations cat o tails,52
12715,long till running sir,8
12716,pants smithers need human brain,11
12717,,
12718,hey good job dad oh wait know operate ultrasonic lithotryptor,18
12719,hard,5
12720,hey dad dollars hour plenty fresh air meet lots interesting people,21
12721,ooo job,5
12722,grave digger,2
12723,,
12724,deeper wider faster bury turtle mud puddle ah use,16
12725,sheesh slave driver,5
12726,corpse unearth sir,6
12727,know feel like kid candy store,12
12728,hello open grave smithers quickly stench overpowering,13
12761,oh quit complaining,6
12729,minute sir homer simpson exactly model employee,13
12730,model employee,6
12731,ehhh simpson fine sir,7
12732,hear sir,5
12733,frankenstein booger man,10
12734,man bag sir think alive,11
12735,oh bad corpse bad corpse stop scaring smithers satisfied,9
12736,thank sir,3
12737,,
12738,excellent,1
12739,smithers hand ice cream scoop,7
12740,ice cream scoop,3
12741,damn smithers rocket science brain surgery,10
12742,hel lo look davey crockett,7
12743,look smithers twitch moving alive oh fellow radio shack said mad mad,22
12744,hi dad dy,5
12745,mmm sprinkles,2
12746,,
12747,geraldo rivera madonna diseased yak,7
12748,mom wrong,3
12749,father missing,5
12750,dad missing outta,5
12751,gone days,6
12752,whayda ya know right,5
12753,,
12754,suppose way supposed thing beauty abomination,19
12755,oh smithers wrong play god life precious thing toyed brain flush toilet,29
12756,sir family appreciate returned brain body,14
12757,oh come,5
12758,oh smithers look puppy dog eyes right,14
12759,,
12762,sir know means alive,10
12763,oh right smithers guess owe coke,11
12764,clinking clattering cacophony colligenous cogs camshafts,15
12765,ahhh,1
12766,run sir,2
12767,bone shattered organs leaking vital fluids slight headache loss appetite smithers going die,17
12768,sir,7
12769,smithers office drawer desk surgical tools ether,20
12770,,
12771,nightmare homie,6
12772,bart bit,4
12773,hey man crushing tried scream mouth flab,17
12774,got ta shake dew lilly,9
12775,,
12776,wondering heads body crushed head grafted shall ample frame,27
12777,wake dream dream,12
12778,oh right dream,7
12779,,3
12780,week simpsons,5
12781,,
12782,forget dad tonight class having eat spaghetti dinner,15
12783,umm spaghetti,2
12784,homer tonight reception queen beatrice netherlands,11
12785,oh hate having heads,6
12786,oooh,1
12787,ahhh,1
12788,,
12789,,1
12790,,
12791,dad calling school talent,8
12792,worry know tonight,6
12854,alto tenor,3
12793,dad broke saxophone reed need new,18
12794,uh kind thing mother better,11
12795,called home tried mr flanders aunt patty aunt selma dr hibbert reverend lovejoy nice man caught snake basement,30
12796,wow people world chose uh huh yeah number half reed,24
12797,,
12798,whale tonight like point doors locked parents sneak child performed oh let caution people rows wet,52
12799,,
12800,whew nick mmm beer,8
12801,,
12802,hurry moe hurry got minutes till music store closes,13
12803,,6
12804,hey tell job,10
12805,sorry homer,2
12806,know tip glass wo foam,15
12807,sorry homer,2
12808,,
12809,lotta,6
12810,watching boilers,6
12811,oh sure return chairs cafeteria kim kidding,15
12812,,
12813,ah finished seconds spare,7
12814,matter buddy,4
12815,moron door closed early,6
12816,happen moron,6
12817,oh trenchant mouth,6
12818,,
12819,terrible terrible know worse year,12
12853,hmm lisa stop playing stupid saxophone yes,10
12820,wonderful know think best batch bart simpson boy thousand voices,27
12821,like open impression principal skinner,10
12822,duh look principal skinner,7
12823,young man boy thousand days detention,12
12824,hey lunchlady doris wonder got today today special refried dog poop,18
12825,,
12826,,
12827,got open store,7
12828,let think eh,7
12829,okay okay want picture little girl disappointing,21
12830,come jer open pal remember pulled wife burning car,21
12831,okay okay daughter need,12
12832,know wrote,8
12833,number half stupid gum,8
12834,number half reed whoo hoo,8
12835,uh huh instrument play,7
12836,dunno,2
12837,,
12838,mom reed sound terrible,13
12839,worry honey sure father,8
12840,maybe,1
12841,,1
12842,long shot,4
12843,bingo,1
12844,worry,5
12845,,
12846,clarinet,1
12847,,1
12848,oboe,1
12849,,1
12850,saxophone,1
12851,wait minute,10
12852,saxophone,1
12856,,
12857,ding ling ding ling want play ding ling,13
12858,act ladies gentlemen like filth let enjoy lisa simpson rendition stormy leather ah weather,29
12859,haw haw,2
12860,haw haw,2
12861,sounds like gopher caught lawnmower,9
12862,,
12863,whew hate kid father,8
12864,,
12865,uh oh,1
12866,,2
12867,fault reed,7
12868,oh yes course reed,7
12869,let hear lisa simpson wacky sax,10
12870,yeah woo woo yeah,4
12871,,
12872,,
12873,okay ordered mount bellyache,6
12874,ordered little girl heh heh,9
12875,,2
12876,cost eighty dollars,4
12877,sorry dad feel like eating,9
12878,look let apologize know right hope find heart forgive,28
12879,forgive,3
12880,mean,4
12881,,3
12882,,
12883,look homer lisa taking steps,7
12885,yes,1
12887,da da da da,2
12888,hear homer,5
12890,wonder hates noticed alive,13
12891,homer want lisa spend time,15
12892,okay,1
12893,maybe cut losses lisa fresh start maggie,18
12894,homie got stop looking quick fix spending time lisa forgive,20
12895,marge spend time girl things gon na know fruity right time quick fix idea let quick fix quick fix ah buy pony bugging,48
12896,afford buy pony,7
12897,marge today gasoline prices afford buy pony,13
12898,ridiculous,2
12899,marge got pony look lisa eyes love anymore,19
12900,reason buy pony,7
12901,yell love eyes,14
12902,stick subject,4
12903,ha ha love,5
12904,let realistic pony expensive trouble paying bills,18
12905,yeah yeah yeah,3
12906,sound like going buy pony promise wo,13
12907,mm,1
12908,yes,10
12909,buh,1
12910,words,4
12911,sneh,1
12912,,
12913,,
12914,oh smell,6
12915,oh,3
12916,excuse sell ponies,6
12917,uh sure pal right,5
12918,scot tish deer hound hey dog,7
12919,friend smarter gave credit suggest try pony farm route merely left rendering plant,28
12920,,
12921,,
12922,lady buying pony little girl care costs,17
12923,good stunning creature half million dollars,12
12924,half million dollars,4
12925,sired seattle slew mother won kentucky derby,13
12926,wow,1
12927,likeness graces stamp tanzania,7
12928,,3
12929,mr simpson half million dollars,9
12930,uh sure let write check,8
12931,mr simpson check dated january,9
12932,problem,6
12933,ponies start thousand dollars cash,8
12934,like pound pick cheap ponies ran away home,17
12935,sincerely hope,4
12936,,
12937,,
12938,like borrow thousand dollars,7
12939,sorry approve loan size,9
12940,hel lo,1
12941,,
12942,simpson eh help,7
12943,mr burns personally,6
12944,hobby personal gain heavens way acquainted state stringent usury laws,25
12945,u su ry,1
12946,silly word exist purpose loan,21
12947,want buy pony,6
12948,cute smithers planning joining horsey set planning eat,22
12949,need little girl love,17
12950,shut simpson,3
12951,sorry,1
12952,collateral,5
12953,oh smithers let cold spirit collateral sign form money,22
12954,sorry uh thinking funny smithers today,12
12955,funny sir,6
12956,shut,2
12957,,
12958,mr simpson sure know care pony,15
12959,course,2
12960,,
12961,simpson,5
12962,,
12963,love dad,4
12964,upset,6
12965,sounds like angling pony,10
12966,hey come lisa gets pony,7
12967,stopped loving,5
12968,love moped,10
12969,know love squat hee hee hee hee,14
12970,snowball ii santa little helper princess exclude different,15
12971,homer planning horse,10
12972,got figured day roam free neighborhood night nestle snugly cars garage,28
12973,dad,2
12974,illegal,2
12975,courts decide marge loves,10
12976,dad think princess belongs stable,8
12977,stable sounds expensive,4
12978,love costs month,7
12979,standard stable fees mr simpson plus teaching daughter riding grooming extra charge pronunciation,20
12980,father happiest girl lived,10
12981,oh nuts,2
12982,,8
12983,grampa wanna right,6
12984,yes,1
12985,joystick left,6
12986,yes joystick tell,10
12987,uh oh comes xylon cruiser whoa whoa whoa hyperspace ready hit,15
12988,wait hyperspace,4
12989,grampa spaceship,6
12990,thought guy ohhh,10
12991,game grampa,3
12992,got floor,8
12993,wait dad got,7
12994,hoping money,6
12995,hmm oh dear trouble going cut luxuries,18
12996,know buying maggie vaccinations diseases,14
12997,actually thinking cut beer,11
12998,nah gon na,7
12999,afraid choice pony,13
13000,want pony want mind,21
13001,homer,1
13002,marge lisa loves pony stays,7
13003,right got,11
13004,fine plenty money guy willing work,18
13005,jewelry need anymore,9
13006,,
13007,beautiful,3
13008,oh look touched salt lick num num good salt lick,13
13009,,
13010,need money need money,4
13011,scratch cash,3
13012,,3
13013,liberty bell liberty bells come come come oh yes whoo hoo liberty bells thousand dollars apu,23
13014,oh congratulations mr homer,4
13015,thank,2
13016,ticket,7
13017,,3
13018,removing thumb,6
13019,,1
13020,yes insist,5
13021,,2
13022,got look ticket,7
13023,come,6
13024,yes,3
13025,,1
13026,let ripping,5
13027,cherry oh mr homer reduced cheap chicanery,13
13028,ohh need money,4
13029,need money jammed gun head better inquire help wanted sign,27
13030,looking help,4
13031,yes need demanding high profile midnight shift,14
13032,man,3
13033,hired,2
13034,woo hoo,1
13035,dreamed day come working,16
13036,,
13037,certainly tamed horse,5
13038,yes man tame,7
13039,,
13040,wo lie job shot,13
13041,bullet wounds badge honor,10
13042,badge honor,3
13043,pointer try shoulder,10
13044,hot dogs years strictly ornamental bozo comes buys,24
13045,eat oh,4
13046,,
13047,heh heh perfect crime,5
13048,homer worried,9
13049,marge room night proud want kids hear,26
13050,busted,1
13051,,
13052,work form midnight come home sleep minutes eat breakfast sleep minutes shower minutes spend power plant fresh daisy,40
13053,oh god killed,6
13054,mmm salty,2
13055,homer stealing squishees,5
13056,sir,2
13057,song girl pony called wildfire,14
13058,come apu honey loosen,6
13059,sorry baby pleasuring store going tubes,16
13060,,
13061,dollars cents,7
13062,homer asleep post change expiration dates dairy products,17
13063,yes sir,2
13064,sorry baby date,4
13065,,
13066,,
13067,homie long plan,9
13068,know long horses live,8
13069,thirty years,2
13070,,
13071,,
13072,sleep monitor core,5
13073,,1
13074,called love dad,9
13075,thanks gon na stop loving,8
13076,heard millie vanillie arrested impersonating mcnugget,12
13077,true,3
13078,fun late,8
13079,hey homer ya,5
13080,going hour walk,5
13081,,
13083,homer sleep,3
13084,wrong dad,4
13085,exhausted lisa know costs pony,15
13086,,1
13087,lot fact father second job,14
13088,poor guy working,6
13089,kwik e mart,2
13090,,
13091,lisa hope realize father,12
13092,gon na princess,7
13093,lisa pony,9
13094,minutes,12
13095,bart going lisa decide,17
13096,years lobbied treated like adult blown face,17
13097,,
13098,,
13099,hey pink hat ordered blueberry squishee meant today,12
13100,coming right sir,4
13101,fill time,8
13102,yes sir,2
13103,,
13104,likes little carrot oats likes scratch ear playing radio likes contemporary adult morning easy listening night good care princess,45
13105,change patrician facade assure heart breaking,17
13106,forget,4
13107,,
13108,wha da melted cheese receptacle clean eh young man replaced rolling grave,22
13109,dad,7
13110,yes lisa grownups thing called money,12
13111,dad understand sacrifice gave pony,16
13112,,2
14870,,
13113,hmmm hmmm big dumb animal love horse,14
13114,oh hippopotamus,7
13115,mean dummy,5
13116,awww,1
13117,apu job staff,9
13118,giddyup dad,2
13119,,
13120,,
13121,slept stole rude customers goes best damn employee convenience store,22
13122,,
13123,products imagine foam doam jet walker mr sugar cube,13
13124,baby changed lives,5
13127,thank troy hi everybody,5
13128,hi dr nick,3
13129,troy brought gravestone author troubled soul edgar allan poe,15
13131,yes unfortunately century neglect turned tombstone depressing eyesore,15
13133,fast troy application spiffy think body warm,15
13135,oooooh clean tombstone,5
13136,hey dad got power drill,7
13137,garage,3
13138,check,1
13139,offering bottles clean thousand tombstones thirty ninety,16
13141,yeah break doctor,6
13142,troy lower thirty ninety,11
13144,hey homer find safety goggles power saw,12
13145,stuff starts flying turn head,8
13146,oh check,2
13147,okay throw fourth bottle applicator glove state kansas jell o mold ninety,20
13148,okay okay calm,4
13149,homer door sisters,9
13150,,
13151,homer nice,3
13152,okay,5
13153,patty selma pleasant surprise,6
13154,know wearing pants,7
13155,owe lunch,5
13156,ugly ugly butch,3
13157,matter find hair style like,11
13158,hold phone,9
13159,ed asner,2
13160,mary tyler moore,7
13161,expiration date june uh yeah,7
13162,homer ordering junk tv,9
13163,shh hear,4
13164,power tools,5
13165,know guy guess,7
13166,going beauty parlor maybe kids gone,18
13167,oh sure great idea love hear,12
13168,yes,1
13169,,2
13170,,1
13171,quickest cheapest easiest way,11
13172,uh video store,7
13173,little girl,5
13174,bart weld little flame stupid kid,11
13175,,
13176,ooooooh mcbain,2
13177,hey mcbain eating hot links pension,16
13179,thanks got future partner days away retirement daughter graduating college,19
13181,soon nail mendoza old lady gon na sail world like wanted christened boat,27
13182,yes sir gon na perf,7
13183,aw damn damn damn mcbain,5
13185,gon na,5
13187,thing mendoza,11
13189,want rent sir,6
13190,saw best,7
13191,oooh death knockout blood ice oh oh football greatest injuries lisa going,16
13192,dad find happy little elves tinkly winkly town,12
13193,grab movies great,8
13194,,
13195,look test fatherhood quotient maybe try homer fail,19
13196,uh huh second,4
13197,know,3
13198,henry winkler father listen told close friend cool like fonz love kids given plenty happy days,36
13199,,
13200,called galloping gazelle habitat frozen tundra soldier field seasons pro bowls grazed tasty green turf end zone fateful sunday november gazelle stopped tracks big cat named wayne kychezski,53
13201,homie,3
13202,mind clod patty turn world smile,14
13203,homer turn tv little test want,16
13204,oh great miss joe theisman,8
13205,national fatherhood institute evaluates knowledge son rates father,20
13206,oh marge,2
13207,question child friends,8
13208,uh let bart friends fat kid thing uh little wiener got hands pockets,25
13209,want homer vague description,9
13210,okay hank,2
13211,hank hank,3
13212,hank jones,2
13213,homer question son hero,12
13214,steve mcqueen,2
13215,hero dad talked parenting,11
13216,,1
13217,son hobbies,5
13218,chewing phone cord,8
13219,,8
13220,hobbies,5
13221,oh maybe garage,13
13222,bart bart,2
13223,,1
13224,hobbies boy,8
13225,,3
13226,wait minute,11
13227,building soap box derby racer,6
13228,oh hobby,4
13229,hey,4
13230,oh god know jack boy bad father,14
13231,fat,3
13232,fat,3
13233,national fatherhood institute hold,5
13234,cat cradle silver spoon little boy blue man moon comin home dad know,28
13235,national fatherhood institute dave speaking,5
13236,homer simpson took test got zero,12
13380,wow,5
13237,good lord zero lona cancel mr simpson send wood paneled station wagon immediately,22
13238,hey bart lumber,7
13239,time soapbox derby champ ronnie beck says poorly guarded construction sites gold,17
13240,conventional design,3
13241,oh yeah building racer martin,8
13242,projects gentlemen excuse booked time wind tunnel,19
13243,goodbye son,2
13244,hey bart think finally hauling dad away,10
13245,maybe best,5
13246,,
13247,starters mr simpson wo complimentary copy fatherhood bill cosby,15
13248,ho ho smart funny sold,12
13249,mr simpson want good father spend time son,18
13250,easy preachy egg headed institute guy son,19
13251,ask,6
13252,homer meet dave jr,4
13253,huh,1
13254,research coming son,5
13255,think near breakthrough,6
13256,good work,2
13257,thanks dad,2
13258,oh envy,5
13259,homer easy forth witnessed happen night took years effort,19
13260,afraid little hard work,9
13261,aw spirit mr simpson step find activity share boy interests,26
13262,boy,2
13263,son find likes share,12
13264,building soapbox derby racer,8
13265,aw perfect,5
13266,dear god,4
13267,,
13268,bart gon na help build racer,8
13269,thanks couch watch tv,16
13270,okay gon na,6
13271,sorry dad time soap box derby champion ronnie beck needed dad help,16
13272,use good built lot things house spice rack birdfeeder gymboree,23
13273,ah cares son let help,12
13274,come dad weird,6
13275,oh working hopeless wait second,11
13276,hmm cosby law intergenerational perversity matter tell child opposite huh,23
13278,oh sounds complicated,5
13280,right son think let help,14
13281,ah come dad want help clean paint brushes,16
13282,thank bill cosby saved simpsons,8
13283,know marge bart little miracle winning smile button nose fat little stomach face alight wholesome mischief reminds weight world crushed spirit,41
13284,,
13285,,
13286,like chances son,5
13287,ugh father supposed help build racer consult,20
13288,,
13289,heat whoa helmet son,9
13290,helmets wusses sir,5
13291,think let safety helmet,12
13406,,
13292,son want wear,16
13293,okay fine want today,11
13294,attention question value space program behold,15
13295,aye carumba,2
13296,hey supposed smoke pit area,10
13297,fine,1
13298,hey simpson loser mobile,5
13299,loser mobile heh heh wait minute,6
13300,nelson,4
13301,whoa talk pieces crap,7
13302,know bart care wins long beats guy,17
13303,careful boys took months steal bumper,10
13304,help help,2
13305,,3
13306,hear,4
13307,nervous son,4
13308,worry dad time soap box derby champion ronnie beck says gravity co pilot,17
13309,hey boss case need,8
13310,thanks guys,2
13311,,5
13312,oh realize hill high minute aaah,17
13313,aieee,1
13314,deploy damn deploy,4
13315,,
13316,hurts hurts owee owee owee ow,5
13317,young man afraid stress fracture require cast weeks,18
13318,means possibly race,7
13319,son lucky alive,6
13320,save palliative cliches poor sap doctor,10
13321,okay visit,5
13322,course,2
13323,hey man cool crash way cheat death,8
13324,thanks bart,2
13325,best stick man wish build like,16
13326,racer transformed twisted creature race,16
13327,race win,7
13328,wanted shape bart drive car,19
13329,oh know dad built car drove kill hand,33
13330,,
13331,okay bart got lot work car gon na pull school couple weeks,27
13332,dad know want drive car slow ugly handles like shopping cart,26
13333,bart car bugs admit team simpson,16
13334,dad love taught win,10
13335,teach,7
13336,picked drive martin car win sorry,18
13337,ahead leave win win dad,21
13338,sit lightnin simpsons built remember brief shining moment son,25
13339,ow,1
13340,dad dr hibbert office,9
13341,wrong,3
13342,oh scheduled tetanus booster maybe little anal barefoot season coming world rusty nails,28
13343,oh sure wait worry ride home faster car kicks lisa,33
13344,,
13345,,
13346,,
13347,martin bone healing nicely,6
13348,tell know,6
13349,dr hibbert lisa needs homewrecker,7
13529,figure speech,3
13350,mr simpson right angry rest assured son loves,16
13351,certainly gave boy heebie jeebies,7
13352,,
13353,,
13354,dad coming,4
13355,,1
13356,pout,3
13357,pouting,5
13358,dad got ta come got hat fridge,13
13359,sorry,1
13360,bart,10
13361,think thing,6
13362,homer said good father defended people,18
13363,sure,3
13364,ai lyin,3
13365,guess wrong bad father,11
13366,leave,3
13367,good morning everybody welcome event harkens carefree days great depression soapbox derby,23
13368,minutes junior al unser juniors lock horns,11
13369,son hobbies building soapbox racer child friends martin martin curse til day die huh son heroe,29
13370,time soapbox derby champion ronnie beck,6
13371,wow question away perfect father dad talked parenting,18
13372,hey ho simpson,3
13373,shut flanders flanders,4
13374,flanders flanders uh uh boy start dating,10
13375,sir schools thought,8
13376,great thanks,2
13377,talked flanders parenting perfect father hold son coming,15
13378,,
13379,friend bet mary tyler moore,13
13381,bart breaks steer away grandstands kill hundreds innocent spectators bart tell,28
13382,kill spectators,2
13383,matter,6
13384,dad lying couch drinking beer staring tv seen like,21
13385,forget father driving,9
13386,old man boy,7
13387,simpson prepare die,4
13388,let rock,2
13389,ladies gentlemen drop checkered flag beloved mayor diamond joe quimby,14
13390,participating today salute vigor check rack blonde fourth row,19
13391,like arrogant roman judah ben hur modern charioteers battle ferociously quarter given asked,18
13392,world seen likes french carried lucky lindy shoulders le bourget field,23
13393,present trophy time soapbox derby champion ronnie beck,13
13394,congratulations bart seeing brought lot memories,12
13395,thanks mr beck riding spirit dad,21
13396,son earned,5
13397,remind design racer driver essentially ballast,15
13398,better man won simpson drive,9
13399,thanks nelson,5
13400,ha ha ha ha ha loser nyah nyah nyah nyah nyah,3
13401,bart know thing bad winner,13
13402,mom won win nyah nyah nyah nyah nyah,11
13403,boy nyah nyah nyah nyah nyah nyah,6
13404,nyah nyah nyah nyah nyah nyah nyah nyah nyah nyah nyah nyah,6
13405,,
13407,hello kent brockman eye springfield,10
13408,,
13409,wow infotainment,2
13410,tonight solute silver anniversary great springfield tire yard fire years stilll burning strong,19
13411,watch springfield oldest man meet springfield fattest man,9
13412,fat,4
13413,visit heavyweight champion drederick tatum reminisces growing springfield,15
13414,town dump know bad,18
13415,seven eye opening look bikini,11
13416,whoa t,4
13417,bart,6
13418,lisa slumber party,3
13419,sleep evil hens cackling plotting,13
13420,boy got better things talk sheesh ego,14
13421,lisa brother gross,6
13422,smell room,5
13423,remember wanda shape wax takes husband job,15
13424,mop husband janitor,9
13425,looks like olympic torch husband olympic athlete great acting career,25
13426,dustpan,3
13427,wax lies,4
13428,let play truth dare,5
13429,truth dare truth dare,6
13430,dare,4
13431,dare kiss lisa brother,8
13432,eeeeeewwwwww,1
13433,,2
13434,aaahhh,1
13435,ptew ptew telling mom dad,7
13436,telling,3
13437,mom dad,3
13438,jinx,1
13439,talk somebody says,9
13440,coming elephant forgets brush,10
13441,boy,4
13442,matter son talk young man,11
13443,lad,10
13444,jinxed dammit,4
13445,ow,5
13446,spoke jinxed punch arm sorry law heh heh,21
13447,let,8
13448,run boy,4
13449,come maggie,3
13450,outta,5
13451,,
13452,hiya homer,2
13453,matter moe,4
13454,ah business slow people today healthier drinking know junior high school door use cigarette machine,31
13455,yeah things tough,6
13456,increased job satisfaction family togetherness poison purveyor mind numbing intoxicants like,16
13457,beer,5
13458,uh yeah sure,3
13459,oh sorry forgot beer,8
13460,,
13461,yeah know got beer payments distributor cut spent grand love tester,26
13462,late homer barney sucked dry cut gums pretty bad,14
13463,,
13464,easy homer learned drinks bartender school,14
13465,gin tonic mix,6
13466,hey know good drink hits spot invented,14
13467,,
13468,night marge beastly sisters showing slides latest vacation,12
13469,patty trying plug leg razor ungodly czechoslovakian outlets,17
13530,sorry harv,2
13470,hang,12
13471,aye carumba,2
13472,stared hairy yellow drumstick knew needed drink,15
13473,patty selma excuse moment,9
13474,going beer,11
13475,,
13476,decided mix little bits left liquor bottle,14
13477,haste grabbed bottle kids cough syrup,13
13478,passed test blind,9
13479,float dead sea selma sank right,16
13480,know scientific explanation fire good,11
13481,,
13482,whoa sounds like hell drink,13
13483,flaming homer,3
13484,okay couple flaming homers,12
13485,hey moe got cough syrup,7
13486,uh let check lost found,8
13487,got bowie knife troll doll glass eye,11
13488,oh,4
13489,charm,5
13490,try lighting fire,5
13491,whoa homer like party mouth invited,13
13492,hey love tester busted want nickel,10
13493,hey buddy house,7
13494,hey hey drink delicious phlegm feels looser,16
13495,called flaming,5
13496,moe called flaming moe right flaming moe moe invented called flaming moe lookin homer flaming moe moe,39
13497,hey,3
13498,sneeze guard,3
13499,wow works,4
13531,,3
13500,moe seen place crowded government cracked accepting food stamps think drink,30
13501,probably combination things,9
13502,pitcher amazing flaming moe,7
13503,boy hate joint love drink,10
13504,barkeep help noticing sign,7
13505,says bartenders til barf,10
13506,store bought drollery,5
13507,oh great fill application need measurements turn ons,17
13508,expect tell measurements,9
13509,find way accurate fun,13
13510,offer way salary,9
13511,minimum wage tips course fringe benefits,10
13512,,2
13513,unforgettable weekend club moe,6
13514,prefer vacations someplace hot,8
13515,like moxie kid hired,7
13516,sha regret,4
13517,methinks sha,3
13518,pardon genius flaming moe,10
13519,yes,4
13520,man,3
13521,huh uh harv bannister work tipsy mcstagger good time drinking eating emporium,18
13522,oh yeah hey mr mcstagger like,8
13523,actually tipsy mcstagger composite successful logos,14
13524,tell makes great mozzarella stick,13
13525,yes fine got proposition,11
13526,talkin,2
13527,feel flaming moe perfect restaurant chain want buy recipe,17
13528,dice flaming moe sale know blood sweat drink,23
13532,good moe idiot away million dollar idea like,16
13533,,
13534,,
13535,time use gas chromatograph remember thank mister martin,15
13536,brilliant martin brilliant wrecked grading curve oh pity poor student follow bart simpson,25
13537,inventor admire bart simpson inventor admire rich man famous man smart man father homer simpson creator flaming homer,35
13538,flaming homer mean flaming moe dad invent ya wuss moe bartender,20
13539,yes knows,4
13540,true father invented drink allow demonstrate,15
13541,bart liquor bottles,5
13542,brought everybody,5
13543,teacher lounge left end day,17
13544,good evening krusty,3
13545,nice bernard,5
13546,thank right way,7
13547,krusty,3
13548,,2
13549,henceforth date shall forever known flaming moe day,11
13550,uh sir veteran day,7
13551,things,5
13552,,
13553,mom instead milk dinner virgin moe,12
13554,honey wrong,3
13555,tell wrong rotten moe getting rich recipe gave,17
13556,second,5
13557,okay,1
13558,homie moe talk bet willing share success,26
13559,nah marge upset eat think moe,14
13560,,
13561,help sir,5
13562,need talk moe,6
13563,list,6
13564,tell,7
13565,okay,4
13566,homer simpson,2
13567,list,4
13568,,1
13569,filled fire laws,6
13570,ladies gentlemen new buddies stopped tonight maybe come warm flaming moe welcome aerosmith,29
13571,think moe yeah hangin,10
13572,guys free pickled eggs,5
13573,hello st lewis,3
13574,uh springfield steven,4
13575,uh yeah right ready rock,8
13576,yeah,1
13577,said ready rock,7
13578,yeah,1
13579,hit,2
13580,seat lover cover,10
13581,talk dad said ai seen till muffin sure changin met cheerleader real young bleeder oh times best things sister cousin started little,62
13582,barney,1
13583,hey homer want meet friends armando raffi,12
13584,hey moe,5
13585,walk way,3
13586,walk way,3
13587,walk way,3
13588,hiya scrumptious want ignite drink,9
13589,kid teacher,4
13590,single parent,4
13591,,1
13592,let pretend,5
13593,away,4
13594,hey moe,2
13595,oh hiya homer beer,7
13596,flaming homer,6
13597,oh,6
13598,moe bar going drink invented saved,23
13599,justice face bunch crappy merchandise,15
13600,morris man saying true,7
13601,hard come recipe came idea charging ninety,26
13602,whoop telephone,2
13603,flaming moe,2
13604,uh yes looking friend jass hugh,15
13605,hold check hugh jass oh somebody check men room hugh jass,16
13606,oh hugh jass,4
13607,telephone,1
13608,hello hugh jass,5
13609,uh hi,2
13610,,2
13611,bart simpson,2
13612,bart,7
13613,uh look level mister crank sorta backfired like bail right,23
13614,right better luck time nice young man,11
13615,homer sorry mad personal business,14
13616,business eh let tell lost customer,14
13617,sorry homer hear,8
13618,said lost customer,8
13619,,1
13620,lost customer,6
13621,homer gon na speak,7
13622,lost customer moe,7
13623,lost,5
13624,lost customer,6
15218,,
13625,homer talk tomorrow,6
13626,lost customer,6
13627,yeah use,5
13628,weight world got want end bills pay dead end problems throw place right drink misery flam ing let flaming let flaming liquor warm like happiness flaming moe happiness flaming moe away,90
13629,barney,1
13630,world treatin mr gumble,7
13631,,
13632,hey ya harv,9
13633,sir tipsy mcstagger like buy drink,10
13634,,2
13635,oh mean company willing takes recipe prepared offer million dollars,26
13636,sorry harv like told ai sale,12
13637,stupid laboratory kind thing got figured ingredient,22
13638,,
13639,brace gentlemen according gas chromatograph secret ingredient love screwing thing,19
13640,,
13641,sorry secret ingredient dies,9
13642,thirty cases cough syrup sign,7
13643,got hooked stuff service,9
13644,,
13645,ah new watering hole,5
13646,,
13647,yeah want,5
13648,beer,2
13649,okay,2
13650,clean glass,6
13651,,
13652,majesty,5
13653,,
13654,toast wizard walnut street,10
13655,flaming moe dates forefathers bartenders czar,14
13656,,
13657,mr hutz husband case,9
13658,sorry mrs simpson copyright drink,10
13659,,
13660,goes frank wallbanger case looked books office look good filled useful legal tidbits like,39
13661,,
13662,stupid moe non inventing recipe stealing pug nosed,6
13663,homer maybe consolation fact created making people happy,21
13664,oooh look making people happy magical man happyland gum drop house lollipop lane,22
13665,oh way sarcastic,8
13666,duh,2
13667,,
13668,happy hour,8
13669,morris troubles,4
13670,worry baby mother wo home minutes,12
13671,thinking homer simpson,8
13672,okay thinking sybil danning,9
13673,meant think sell drink half money homer,16
13674,honey,3
13675,friend morris took advantage,10
13676,alright alright split million homer jeepers mary joseph sleep chick costs half million bananas,26
13677,,
13678,moe moe moe,3
13679,bart going moe lawn today,9
13680,okay promised moe money,7
13681,moe moe,4
13682,moe moe moe,3
13683,bart moe moevies moetinee,12
13684,course work moe play makes moe moe moe,12
13685,moe moe moe moe moe moe moe,7
13686,hey homer whatsamatter,3
13687,,
13688,hey joey,3
13689,mrs krabappel need drum sticks,8
13690,come,4
13691,gon na rich man moe got ta tell way usually work situations steal recipe run inventor business la vie,34
13692,,2
13693,fools poor pathetic misguided creatures choking flaming moe time wondering going tell secret ingredient,29
13694,homer,2
13695,cough syrup plain ordinary counter children cough syrup,12
13696,shoot,1
13697,thank mr nutball got ta moe tough luck,9
13698,holy cow fell aerosmith,7
13699,,
13700,hey homer come,5
13701,,
13702,hi moe waitress,7
13703,ah left pursue movie career frankly think better,16
13704,moe sorry lost hundreds thousands dollars,10
13705,oh hey hey maybe things good kept secret,14
13706,guess,3
13707,compliments house flaming homer,7
13708,ahh thanks moe greatest friend guy,12
13709,hey think aerosmith tonight,9
13710,doubt,3
13711,,
13712,,
13713,breakthrough product sir scientifically formulated rinse clean oily deposits,14
13714,hot dog,2
13715,,
13716,mild use day,8
13717,life grand,3
13718,wrong sir eyes shampoo specifically said tears,17
13719,lovely promise powers mere shampoo,12
13720,sir feel telling feel comfortable talking snappy alligator,20
13721,maybe,1
13722,hello mr burns,3
13723,snappy hard imagine barefoot boy cheek tan dreamed grand slam homeruns wiping nations stroke pen,34
13724,time things sir,9
13725,controlled nuclear fission demanding mistress snappy,10
13726,feel resentful plant,7
13727,yes yes exactly know maybe time sold old girl,13
13728,,
13729,oh want,5
13730,maybe nap boost spirits,7
13731,whale song cassette like sir,10
13732,fair,3
13733,know feel simpson seen mr burns depressed,13
13734,uh huh,1
13735,people think rich powerful cruel feelings like men know bet sell plant million dollars,36
13736,ooh lot money,6
13737,uh mr smithers change dollar,10
13738,good good try eat,6
13739,homer simpson,3
13771,sure cuz open bottle refund,12
13740,homer stockbroker stock power plant went time years,20
13741,stock,3
13742,yes employees got exchange waiving certain constitutional rights,13
13743,uh,8
13744,wait minute let book says little small talk business everybody alive,27
13745,yeah,1
13746,like sports,3
13747,sure,1
13748,dancing,3
13749,,3
13750,,5
13751,great,3
13752,trust,6
13753,,4
13754,near death renewing notary license weekly basis,11
13755,uh huh stock,7
13756,let punch computer,8
13757,cents share,5
13758,,4
13759,let way dollars sell,15
13760,sell sell sell woo hoo dollars,7
13761,ooooh ooh hot wax ooh hammer,6
13762,,
13763,bart bart turn financial channel aunt patty says stock skyrocketing,14
13764,unconfirmed takeover rumors pushed burns worldwide eighth quarter,15
13765,father stock worth dollars,8
13766,wow smackers,4
13767,,
13768,,
13769,hey homer wanna duff,4
13770,like bottle henry duff private reserve,11
13801,,
13772,information cool dollars playing market buy low sell high motto quit job power plant time stock market guy,37
13773,duff boys,4
13774,oh thank english perfect tell beer like swill right saying swine drink beer,37
13775,yeah thank,5
13776,hey guys,9
13777,ech nein germany east west,16
13778,big company big company big company,18
13779,interested buying power plant think owner sell,17
13780,happen know wo sell million dollars,16
13781,million,3
13782,oh worry left buy cleveland browns,13
13783,,
13784,miracle waiting,7
13785,going spend,8
13786,homer probably buying magic beans right,10
13787,savings account kids think going okay,21
13788,hey hey,2
13789,oh homer,2
13790,heard,2
13791,heard wonderful great plans money,13
13792,afraid great plans,9
13793,mean,4
13794,spent beer,5
13795,surprise surprise,2
13796,spent dollars beer,7
13797,dollars talking,8
13798,sold bucks,8
13799,ow,1
13800,come everybody makes feel better,8
13802,hey homer,2
13803,buy car stock money,9
13804,sure great thing everybody got rich working stiffs got break,21
13805,,
13806,hey wait till lenny got plastic surgeon,14
13807,jeez lenny looks like got works,8
13808,started eye tuck stock kept going,14
13809,hey come mr burns tv,8
13810,mr burns heard german consortium offered purchase plant comment,16
13811,statue liberty wearing lederhosen germans running plant,15
13812,sir meeting,9
13813,look uncle fritz square monocle nein,13
13814,,
13815,ah cease amaze sir,8
13816,whoo oooh oooh whooo hoo hoo,6
13817,grudgingly accept,3
13818,,
13819,worry think find gentlemen american apple pie hans fritz john frank,26
13820,ich bin ein springfielder,4
13821,lose jobs,6
13822,look worried faces lenny looks great,13
13823,worst day life,8
13824,lousy germans fire knows unjam rod dissociator,19
13825,fire certified run gaseous contaminant particularfier,16
13826,fire,5
13827,,1
13828,cuz,2
13857,country europe,7
13829,guten morgen horst new owners elected speak nonthreatening remind lovable sergeant schultz hogan heroes,33
13830,,
13831,,
13832,yeah,3
13833,best way efficient plant,9
13834,happy workers feel secure jobs let know better alcoholics,23
13835,given week treatment drying facility hawaii return pay,20
13836,lucky drunks,2
13837,uber emphasize importance employee safety,9
13838,plan frank discussions safety inspector,11
13839,yeah sock horst,6
13840,hey homer safety inspector,7
13841,,
13842,,
13843,big check,4
13844,look sharp today sir looken sharpen todayen mein herr,11
13845,looken sharpen todayen mein herr,6
13846,gutsy decision sir ein wassen das gutsy decisionen mein herr,13
13847,ein wassen das,3
13848,smithers come want,6
13849,wanted remember know eye photo elvis,24
13850,good mother sir,8
13851,yes understand word man said misht burnsh dajna boo mafrn friszner er hound dog,18
13852,stop killing sir,6
13853,oh sir,7
13854,new hip hankering knows bee keeping boxing bache ball world oyster smithers farewell,26
13855,,
13856,lisa father needs help know germany,12
13858,good good learning,4
13859,economic powers,8
13860,send money,5
13861,efficient punctual strong work ethic,11
13862,,
13863,oh woa,4
13864,homie come bed,4
13865,oh marge gon na fired know,9
13866,worry happens pay bills,9
13867,marge money job identity safety whatchamajigger,18
13868,sleep constructive,11
13869,ooh battlestar galactica,3
13870,fit damn fit,4
13871,,1
13872,yo homer got ta ready work,8
13873,huh,2
13874,,
13875,oh gon na hey unsafe smitty safen,14
13876,homer word,8
13877,,1
13878,phrased badly english inelegant meant brief friendly chat,24
13879,,1
13880,failed,5
13881,request pleasure company free exchange ideas,13
13882,auugghh,1
13883,safety inspector years initiatives spearheaded time,15
13884,uh,4
13885,good ideas future,14
13886,sure,3
13887,,2
13888,ah wish candy machine picky taking beat dollar bills lot workers like candy,23
13919,park,6
13889,understand homer land chocolate,12
13890,mmm land chocolate,5
13891,,
13892,wow chocolate half price,5
13893,,
13894,la la la la la,5
13895,mr simpson,2
13896,la la la la la la,6
13897,mr simpson,2
13898,oh oh oh sorry talking chocolate,10
13899,minutes ago,5
13900,think pretty good,8
13901,yeah know germans bad,8
13902,sure mistakes past pencils erasers,13
13903,attention workers completed evaluation plant,10
13904,regret announce following lay offs read alphabetical order simpson homer,19
13905,,
13906,aye carumba,2
13907,bart lisa wonderful job hair saved dollars family pull til father gets new job,31
13908,new bar soap squeezing little soap slivers,15
13909,clever,3
13910,today instead buying comic books read left store,17
13911,hmmm,5
13912,jump rope broke tied,11
13913,good lisa,3
13914,bath today tomorrow,13
13915,want baths bart,7
13916,lousy german know alls safe oh matter thing,18
13917,problems,3
13918,right burnsie wrist supple throw aim,12
13920,worth,4
13921,place gone hell mr burns obscene office,17
13922,,
13923,listen smithers caught bad time folk guitar class canceled tonight like drink,28
13924,,2
13925,fine got ta,8
13926,going friend,5
13927,yes sir mr burns,4
13928,,3
13929,raccoons,1
13930,right gather nectar little drones honey honey children,16
13931,fools,1
13932,ready drink sir,5
13933,second smithers let introduce gang buzz honey queen smithers,26
13934,ha ha flattering sir bees stinging,15
13935,,
13936,moe tavern moe speaking,4
13937,uh yes looking mrs bee,11
13938,ah yeah minute check uh bee bee guys,20
13939,sure,3
13940,awwww,5
13941,,
13942,listen hold gon na use head bucket paint house brains,24
13943,,
13944,,
13945,bart want moe tavern need bring father home,18
13946,,
13947,,
13948,excuse looking,6
13949,wait minute know voice,7
13950,little bart simpson seen years,12
13951,right pop,5
13952,ah little bart hear monkeyshines,9
13953,bet kinds trouble know right huh right,20
13954,yeah crank phone calls,8
13955,great hey sing old song sing,15
13956,moe,4
13957,,
13958,look blue collar bar oh smithers let slumming,9
13959,,
13960,teddy bear good sure treat lots marvelous things eat wonderful games beneath trees hide seek long today day teddy bears picnic,48
13961,pip,6
13962,ah mirthless laugh damned hold nose smithers going,14
13963,watch blend barkeep cheap domestic beer buddy,15
13964,buddy greedy old reptile,8
13965,smithers saucy fellow,6
13966,homer simpson sir sector sieben gruben mean sector recently terminated,12
13967,right lost job million dollars,15
13968,let ask money cheer feeling blue,15
13969,yes,1
13970,okay bad example let ask money hug come home night,21
13971,,2
13972,love,8
13973,,3
13974,loves loves old ugly loves yea yea yea yea,18
13975,loves,3
13976,good heavens smithers afraid anymore,9
13977,hey mr burns letter sent,10
13978,letter recall letter,6
13979,forgot stamp,7
13980,ah kid slays,5
13981,accident let,9
13982,na na na na na na na na,8
13983,hey hey hey goodbye na na na na na na na na hey hey hey goodbye,17
13984,good money inspire terror fellow man got plant,20
13985,,
13986,gott himmel thought nuclear plant deathtrap,14
13987,cost million bring code,14
13988,sell plant pay,9
13989,happy coincidence desperate buy desperate sell,16
13990,desperate eh advantage burns,4
13991,offer think find unfair breaks,16
13992,mr burns half paid,11
13993,final offer leave,9
13994,right mr burns win beware germans smiles sunshine,15
13995,ooh germans mad scared ooh germans,13
13996,uh oh germans comin oh let germans come oh germans coming oh big strong,31
13997,office,9
13998,place business peewee flop house,13
13999,orders sir,3
14000,restore office cancel repairs rehire chap sassed bar,16
14001,homer simpson,4
14002,smithers friends close enemies closer slowly regain confidence months years drift blissfully unaware sword damocles dangling head,36
14003,day expects,10
14004,,
14005,woo hoo got job,6
14006,,
14007,barnacle bill home pregnancy test homer gone better known brand,14
14008,marge came free corncob pipe,10
14009,okay let ahoy maties water turns blue baby purple ye baby thar,22
14010,color blue purple,8
14011,pink,1
14012,,
14013,ye test fail doctor set sail guess better dr hibbert,19
14014,oh honey think pregnant,8
14015,nausea craving pancake mix kids,17
14016,yeah tightness chest profuse sweating,16
14017,let know,5
14018,hey homer come mom going doctor,9
14019,wrong,3
14020,fine mother uh broke leg,10
14021,,1
14022,smell bun oven,7
14023,mom gon na baby dad,7
14024,maybe,1
14025,machine homer,4
14026,hear maggie baby house,10
14027,ohhh cool race,6
14028,yeah sure baby fun games diaper changes midnight feedings,18
14029,mom stuff,5
14030,yeah hear,8
14031,like mom pregnant,10
14032,actually bart threw mother happened beginning turbulent decade known,23
14061,hmmm think,6
14033,idealistic days candidacy john anderson rise supertramp exciting time young,21
14034,,
14035,years dating mother working local fun center,15
14036,homer turning blades fast golfers complaining slow,13
14037,better ah beautiful someday guy hands putters,18
14038,yes sir,2
14039,,
14040,years old beautiful girlfriend job future,15
14041,hey supposed listening story,9
14042,thought problem turning blade overcame feel good story year,21
14043,fault generation short attention spans dad watch appalling tv,18
14044,talk way television lousy ungrateful whaddyacallit minds uh,19
14045,think going gon na listen story,12
14046,mother living wicked sisters,9
14047,,
14048,okay girls smoke,6
14049,umm oh yeah,3
14050,homer,2
14051,know ugly meatball,10
14052,uh huh like pawed fat lazy cat,16
14053,leave hair couch,8
14054,know homer like sensitive sweet,11
14055,,
14056,,
14057,homer think future,8
14058,mean like apes masters,8
14059,mean plan earn living imagine job stimulating,20
14060,gives time think,7
14062,girls mean mean boys mean,11
14063,think,5
14064,wow ending thought darth vader luke skywalker father,13
14065,marge pretty princess leia smart yoda,12
14066,oh homer,2
14067,,
14068,light days fill nights song wrong feels goo right cause,24
14069,song,2
14070,bet guy singing real happy,12
14071,actually singing god,6
14072,oh happy wait mad,10
14073,,
14074,,
14075,someday buy real castle,7
14076,,6
14077,phew good,2
14078,homer maybe champale talking think pretty sexy,12
14079,champale talking,7
14080,caught,5
14081,worry castle impregnable,6
14082,,
14083,pass cookie dough,4
14084,dust hula skirts angels afraid murder hawaii,15
14085,hawaii charlie,4
14086,,
14087,oh hi marge,4
14088,,
14089,need drive doctor homer,10
14090,wrong,3
14091,unforgettable night joined castle club,9
14092,oh,1
14093,,
14094,miss bouvier think found reason throwing morning congratulations,19
14095,,
14096,,0
14099,pamphlet prove helpful,6
14100,ruined life,5
14101,,
14102,son got ta marry girl,6
14103,honorable thing,7
14104,better lucky bum fish jumped right boat got ta whack oar,27
14105,,
14106,marge want ask afraid destroy criminal,24
14107,said lately,10
14108,marge damn card,7
14109,card,2
14110,oh wrote gon na card stupid thing fallen pocket,21
14111,,3
14112,,3
14113,marge moment saw wanted offer love marry,31
14114,card,6
14115,oh homer beautiful moment life,11
14116,marry,5
14117,yes,1
14118,woo hoo woo hoo yeah gon na marry face everybody woo hoo,15
14119,,
14120,dad new baby girl ariel,13
14121,sorry baby kool moe dee simpson,11
14122,ariel,1
14123,kool moe dee,3
14124,ariel,1
14125,kool moe dee,3
14126,ariel,1
14127,kool moe dee,3
14128,know discussion mother years ago,14
14129,,
14130,homer thinking baby boy think larry,17
14131,marge larry fairy,12
14132,louie,4
14133,screwy louie,5
14134,bob,1
14135,slob,1
14136,luke,1
14137,puke,1
14138,marcus,1
14139,mucous,1
14140,bart,3
14141,let bart cart dart eeart nope problem wow ring,18
14142,yes sir paying,10
14143,know,3
14144,,
14145,finally big day came money went quaint little chapel state line,23
14146,,
14147,basic ceremony bucks license,7
14148,sure punched time tenth wedding house,15
14149,hey marriage gon na forever,7
14150,matter times hear makes laugh,13
14151,,
14152,cletus aline lawful wedded wife,11
14153,yup,1
14154,,2
14155,certainly lot stains ceiling,10
14156,marge sorry wish afford better place,11
14157,homer lying said pictured wedding day pictured husband,24
14158,,2
14159,look like ted bessell nice,13
14160,,
14161,dearly beloved gathered sight god casino join,16
14162,homer,1
14163,,1
14164,marge,1
14165,holy matrimony beautiful,4
14257,stupid,3
14166,marjorie bouvier homer simpson lawful wedded husband,14
14167,,2
14168,homer question names reversed,5
14169,,2
14170,power vested state gaming commission pronounce man wife dollars worth chips kiss bride,29
14171,,1
14172,,
14173,perfect day,4
14174,night man wife,8
14175,hey lovebirds,5
14176,,
14177,look got marge baby monitor,8
14178,baby marge baby marge wah wah,9
14179,homer know afford things salary,14
14180,hey apply nuclear power plant hear pay pretty,16
14181,know heard radiation sterile,10
14182,pfft tell,5
14183,,
14184,openings afraid home handed wo old frat buddy lou collier ya old alpha tau,34
14185,smithers keg meister,4
14186,hey alabama chapter,6
14187,,2
14188,let testing,7
14189,roll roll alpha tau bow wow wow wow bow wow wow wow,15
14190,,
14191,hmmm know better swear trying moon,14
14192,,
14193,worst quality,10
14194,workaholic,5
14195,push hard,5
14258,dear marge xxx homer,4
14196,takes long time learn kind goof,15
14197,okay,3
14198,little stuff starts disappearing workplace,7
14199,problem reactor,13
14200,problem reactor gon na die,10
14201,,
14202,job,5
14203,nah wanted good story life,9
14204,oh homie hey come feel baby kicking,11
14205,wow kid wo let,7
14206,swear come thing gon na man good job,23
14207,yeah doctor,3
14208,,
14209,,
14210,ye tallow hardens remove yon mold,11
14211,crappy candle,4
14212,ruined vacation,4
14213,,
14214,gentle sir fired,5
14215,oh,1
14216,,
14217,oh hello young man,4
14218,good evening madame selected good people slash co reap benefits new nev r dull knife edge shake hands slash,28
14219,handle handle,4
14220,,
14221,quit quit,4
14222,thought said liked dogs,7
14223,,
14224,hey wants rich today,7
14225,said,9
14226,let assure shady pyramid schemes hearing,19
14259,,
14389,right stick man,7
14227,sir model trapezoid guarantees investor return hours initial,19
14228,uh oh cops,3
14229,,
14230,fourth notice days overdue break thumbs homer going,15
14231,know know,7
14232,repo man baby things,8
14233,,
14234,crib mobile monitor oh lady ring afraid,10
14235,oh dear,2
14236,repossessing stuff hardest job,9
14237,dear marge time read gone deserve finest things world repossessed hunted like dog clear family want,54
14238,shut pen scratching,7
14239,send cent earn baby man,23
14240,,
14241,sad,4
14242,oh honey know turns today responsible head household,26
14243,hey homer frosting lunch,11
14244,okay,1
14245,,
14246,man oh homer homer,14
14247,dear shock thought time,16
14248,,
14249,taco hair,6
14250,uh huh explanation,5
14251,ahh,1
14252,tell marge,7
14253,nah let read society page,10
14254,,
14255,homer,1
14256,marge listen saw,5
14260,big shots stainless steel lunchboxes,7
14261,donuts,3
14262,right colors rainbow,8
14263,wowww,1
14264,,
14265,marge need rest dear,11
14266,heard noise outside thought homer,11
14267,hell marge got half words gulp n blow,13
14268,,
14269,yeah want,5
14270,husband,5
14271,want fries,5
14272,homer,1
14273,marge,1
14274,homer,1
14275,marge,1
14276,holy cow big house,8
14277,homer come home,5
14278,marge mean look trainee wo tell secret sauce buy decent wedding ring,32
14279,ring fine long,10
14280,marge,3
14281,aww,1
14282,mind took oil burning finger,15
14283,oh sure,2
14284,homer know married,8
14285,knocked,5
14286,love,5
14287,come home soon,3
14288,,
14289,come closer,6
14290,ironic hunter hunted oh god smithers feel alive,16
14291,boss,3
14292,yes,1
14293,security sir,4
14324,step aside deliver baby,6
14294,listen mr bigshot looking kind employee takes abuse sticks man treat like dirt kiss butt ice cream like change,52
14295,hold phone smithers like attitude feisty spineless,11
14296,sir man failed aptitude test got trapped closet way,19
14297,care impressed laid eyes young boot lick named waylon smithers,20
14298,mean,2
14299,welcome aboard son,3
14300,got job got job whoo hoo america job,18
14301,young hellcat smithers,6
14302,homer simpson sir,3
14303,simpson eh remember,6
14304,,
14305,marge marge,2
14306,little late gone hospital,9
14307,hospital,2
14308,drive,3
14309,thanks mom,2
14310,,5
14311,,
14312,marge marge baby,5
14313,right left,5
14314,shut,2
14315,hey listen fatboy,4
14316,listen wife kid paying delivery want stay better respect,30
14317,homer mean,5
14318,starting tomorrow nuclear technician,6
14319,good god,2
14320,tomorrow morning gon na buy ring going house hunting,13
14321,job start tomorrow,5
14322,eh cover,5
14323,homer ohh,4
14325,uh let handle homer,9
14326,oh college boy eh,4
14327,homer god sakes let deliver baby,9
14328,,
14329,homie beautiful,4
14330,hey long got fingers toes fine,15
14331,ahh bart daddy little angel,5
14332,little purpose,8
14333,minutes old,8
14334,,
14335,bart lisa come minute,7
14336,son day born received greatest gift man,16
14337,years went mother blessed twice,13
14338,day goes thank god,16
14339,homer pregnant,4
14340,yeah whoa excellent marge,4
14341,yes,1
14342,,
14343,aw ai cute hey,5
14344,hey god learn kind daaaanncciinng,12
14345,,
14346,dad money buy bart birthday present,12
14347,mon ey,1
14348,dad dollars,8
14349,oh sorry,2
14350,righteous funky c funky lip sync hits right,21
14351,hey kids sit tv radio,16
14352,gon na roll truckin convoy cross con voy,10
14353,bart,4
14354,throw away bulky transmitters broadcasting towers,8
14355,superstar celebrity microphone lets hear voice radio,13
14356,hey good lookin pick later,11
14357,,5
14358,perfect gift birthdays graduations board meetings,9
14359,fired,2
14360,hm bart birthday coming,5
14361,order supply limited,6
14362,limited,1
14363,microphones left,8
14364,,
14365,yeah couple,3
14366,,
14367,marge bart gon na like birthday present year wo like shoe trees got year shelf paper bought christmas buy love,37
14368,,
14369,okay sideshow mel bring birthday cake,8
14370,hey kids sideshow mel mops let names krusty birthday pals today,18
14371,right comes,6
14372,wow best bucks spent,7
14373,bart grampa phone wants wish happy birthday,14
14374,nice message right hit local merchants free birthday goods services,21
14375,,
14376,free birthday sundae,7
14377,eat,5
14378,,
14379,digital audio tape butt kid compact discs recall complaining,21
14380,damn right,2
14381,,
14382,sorry rosarita got ta birthday party,9
14383,farewell señor bart,3
14384,,
14385,hey good ya glad toby lost weight uh oh comes trouble,19
14386,wally hey wally funny,7
14387,hey later okay hey bug parents,11
14388,cool larry looter,4
14390,,
14391,hey hear birthday old,11
14392,,3
14393,great like sing special song,12
14394,hell,2
14395,got ready señor beaver otti,6
14396,ready,6
14397,birthday birthday birthday boy girl,12
14398,,
14399,wha th,2
14400,label maker,4
14401,mmm hmm home got finding patty stubble leg razor,20
14402,ehhh,1
14403,bart bet think nothin gon na cactus check present,15
14404,,1
14405,bart polite,3
14406,,2
14407,bart noticed birthday presents poor crop best hope turns tide,18
14408,gorgeous,2
14409,twins,5
14410,,
14411,beer left bart,10
14412,hey boy microphone working,6
14413,fine,1
14414,bart love present like,10
14415,enjoy,4
14416,listen boy great invention watch,8
14417,got great big con voy rockin night got great big con voy ai beautiful sight con voy,22
14418,quit dad,3
14419,hey good lookin dinner later,9
14420,understand distortion,11
14421,,
14422,,
14423,crappy birthday,4
14458,mean radio created universe stupid kids,17
14424,bart think bad present maybe talk loud father,24
14425,testing testing oh sound like,12
14426,hey work,4
14427,bet lot fun father,18
14428,hmmm,1
14429,,
14430,mmmmm chocolate,2
14431,,
14432,mmmmm chocolate,2
14433,marge need vanilla chocolate strawberry ice cream,8
14434,store tomorrow homer,8
14435,mmmmm chocolate,2
14436,people earth bartron commander martian invasion force planet hands resistance useless,21
14437,,
14438,captured president delicious,8
14439,little,3
14440,wait minute mean like present,10
14441,uh huh,1
14442,aww,1
14443,promise wo play anymore practical jokes,9
14444,promise,2
14445,mama mama,2
14446,maggie talked mama,8
14447,sorry lady,4
14448,oh bart,2
14449,dreamed married corey lived pony farm corey walking shirt,23
14450,oh brotherrr,2
14451,,
14452,mrs krabappel uncalled,6
14453,bravo,1
14454,old man,4
14455,,
14456,rod todd god,5
14457,radio,7
14459,forgive brother believe,6
14460,talk cheap test thy faith walk wall remove later,19
14461,want,6
14462,got job thee bring forth cookies kitchen leave simpsons porch,21
14463,cookies belong parents,7
14464,look want happy god vengeful god,11
14465,happy god,2
14466,quit flapping lip cookies,10
14467,yes sir,2
14468,,
14469,,
14470,whoops,1
14471,help help,2
14472,hoot mon sounds like trouble brewin old,10
14473,help fell,8
14474,help laddie,4
14475,little nip courage,5
14476,way look horse arse,9
14477,sucker,1
14478,,
14479,hey,3
14480,fool kid fell,7
14481,yes,1
14482,,
14483,timmy turned years old,11
14484,timmy parents,5
14485,uh family tried enroll school principal skinner turned away shabby clothes,23
14486,liar,3
14487,booooooo,1
14488,circumference thirty inches unfortunately member city police force slender rescue boy,25
14489,god men bunch marshmallows,9
14490,chief,5
14491,important,3
15392,sherri,3
14492,dark boy timmy told foot trapped rock attempt pull snap like twig,34
14493,desperation city considering unorthodox solutions,9
14494,grasping child firmly talons socrates fly safety watch,16
14495,think coming,6
14496,hook hunk chocolate land boy clean free,18
14497,reach boy freeze liquid nitrogen future generations rescue,20
14498,,
14499,dear lord peel foil bounty ask watch little timmy trapped,24
14500,,
14501,bart wrong,5
14502,yeah timmy real hero,7
14503,mean dad,5
14504,fell,10
14505,hero,7
14506,,6
14507,finally channel krusty clown gathered members entertainment community normally steer clear fashionable causes video called sending love,35
14508,wanted help boy called good friend sting said krusty need said thursday said busy thursday said friday said friday worse thursday said saturday said fine true story,56
14509,yeah open krusty uh fact fired recall,18
14510,sting,1
14511,business kid hole got,25
14512,hole heart deep poor little boy stuck half way hell,21
14513,best thing,12
14599,gas hole,5
14515,sending love,8
14516,way,4
14517,sending love,7
14518,,3
14519,krusty plans royalties,8
14520,got ta pay promotion shipping distribution know limos free left throw,25
14521,,
14522,authentic timmy baby teeth dollars bag,9
14523,step rear plenty room,10
14524,,
14525,awww,1
14526,drop microphone drop boy,6
14527,special report channel news,9
14528,disturbing news old town young timmy apparently taken turn worse,19
14529,simple kent child reverting feral wolf like state artist conception,20
14530,bart,1
14531,trying gnaw foot sock goodnight everybody,17
14532,bart simpson thought boy trapped brought kindness love entire community find fooling gon na want cut rusty razors,39
14533,oh yeah gon na find,9
14534,police catch sooner later,8
14535,police catch cold,7
14536,maybe bet stupid left property bart simpson label radio,20
14537,,
14538,,
14539,cinderella beautiful gown ball satin petticoats delicate think asleep,24
14540,want cup coffee,7
14541,okay brave little guy,4
14542,hey tripped thing,7
14543,,
14544,deserve,7
14545,help help fell,7
14546,tell know,6
14547,bart simpson,6
14548,,6
14549,look level timmy prank playing everybody,20
14550,sure fooled kid,6
14551,hey got idea prank let home sleep,15
14552,good eddie,3
14553,great joke guys ha ha ha guys,7
14554,,
14555,afraid son trapped,10
14556,think worst parents world,10
14557,yeah pretty feeling station,10
14558,,
14559,worry son trapped hole mean live rich life brought krusty doll,25
14560,ow knock bald boob,7
14561,hey come,7
14562,like fit,5
14563,little,4
14564,man,5
14565,liked boy polite,7
14566,save baby boy,9
14567,uh located piece machinery shreveport louisiana pop lickety split,18
14568,,6
14569,afraid got budget problem mrs simpson boy picked bad time fall start fiscal year problemo,34
14570,telling city wo pay boy,16
14571,timmy people loved little guy son kinda played bunch saps,25
14572,,
14600,gentlemen canary died natural causes,7
14601,hole,4
15393,,1
14573,victims cruel hoax perpetrated year old hooligan time come finger pointing squarely aimed boy parents,33
14574,fault want boy accident,13
14575,homer,1
14576,uh edit,8
14577,mr simpson live coast coast,5
14578,,
14579,plus plus little bart simpson buried alive neat sweet rats bart eat,25
14580,hey stop,3
14581,sorry lisa,2
14582,days bart croaks,10
14583,new number hit believe naked funky c funky replaces sending love plunges way number ninety seven,33
14584,called rescue simpson lad taken lot heat flip flopping let stay,29
14585,yeah shutton story,7
14586,bart honey extra warm sweater wear,17
14587,mom big,4
14588,worry grow,6
14589,homer,1
14590,know lot bad stuff years guess paying price things chance smoke cigarette use fake shave swear word hair,45
14591,stands stands gon na outta,17
14592,think,7
14593,agnes got work,6
14594,,
14595,kent brockman special bulletin lincoln squirrel assassinated stay story night,25
14596,going,3
14597,old fashioned hole diggin gar,12
14598,canary,2
14602,sting look tired maybe rest,10
14603,fans needs,8
14604,actually know heard bart play,14
14605,shh marge good digger,6
14606,sting,1
14607,mom dad,2
14608,oh bart missed,7
14609,man scared,5
14610,worry son gon na sure falls,15
14611,,
14612,,4
14613,hey everybody bret gunsilman pivotal week nfl fox,14
14614,,
14615,stay tuned hours exciting football action,10
14616,bye bye belt,3
14617,homer fatty deep fried heavily salted snacks good heart,14
14618,pfft heart fine,6
14619,little beer fire,8
14620,picks today games man right percent time smooth jimmy apollo,20
14621,thank bret game today denver new england close,18
14622,,
14623,compulsive types bet know uh denver,20
14624,whoo hoo denver yeah,4
14625,,
14626,moe tavern peanut bowl freshened hourly,9
14627,moe like bet dollars denver,9
14628,think provide service um uh chief wiggum hand little black book,19
14629,oh sure thing moe coaster,12
14630,big ones denver,5
14631,pleasure business,7
14632,right denver justify love,6
14698,know dolphins,5
14633,end thirteen seconds play new england seven denver,14
14634,,
14635,look dad modest studio apartment malibu stacey doll kitchen prints weekly feminist newsletter,26
14636,daaaaad listening,6
14637,lousy stupid denver,3
14638,,
14639,oh look shoe box house lisa clever,12
14640,dad interested,9
14641,interest,11
14642,burping contests outgrew,12
14643,hmmm want closer maybe bridge gap time pretend interested looking power tools going silly car chase movies things tell older understand,52
14644,think,3
14645,bart,1
14646,whaaat,1
14647,ho look score moxy,6
14648,,5
14649,fun watched game,10
14650,okay sit,10
14651,,1
14652,,3
14653,lisa hear announcer,7
14654,said denver fumbled,5
14655,,
14656,hell soldier boy,6
14657,bart,1
14658,yeah mom,2
14659,thinking father lisa watch game fun went clothes shopping,24
14660,mom love honest need new clothes,13
14661,oh,2
14662,hmm,1
14663,love spend sunny afternoon trying clothes,15
14664,folks right percent time wrong percent time,17
14665,,6
14666,okay jimmy hook got miami cincinnati coming thoughts,14
14667,certainly brett declare miami smooth jimmy lock week,16
14668,oooh big lock right trust guy,13
14669,cincinnati miami game declare cincinnati shoe week,16
14670,huh good case,7
14671,evaluating millions pieces data blink eye gambletron says winner cincinnati points worthless hunk junk,31
14672,want ya,7
14673,yeah,1
14674,need know winners know winners,16
14675,whoa dollars minute dollars additional minute,13
14676,reached coach hot,6
14677,line,1
14678,line,1
14679,yeah lay coach,6
14680,game mi mi,5
14681,mm hm,1
14682,versus,2
14683,cincinnati,1
14684,,1
14685,cincinnati,1
14686,,1
14687,cincinnati,1
14688,ti,1
14689,realize costing money,10
14690,consider things wind,7
14691,doh wind,4
14692,blowing west,6
14693,oh,1
14694,,2
14695,miles hour,3
14696,knots,1
14697,ugh ridiculous supposed lisa think gon na win bengals dolphins,22
14699,good good moe dollars miami dolphins,9
14700,gotcha beans miami um homer got line hello,16
14701,,
14702,moe mr,5
14703,yeah yeah,5
14704,seven dollars rams,10
14705,oh sideshow mel grand,9
14706,,
14707,mom tired wanna home lie minute,15
14708,bart think look sharp shirt,11
14709,fine lets,5
14710,try,9
14711,oooh percent,7
14712,know clothes sale mom people wear beaten,18
14713,beats wearing shirt friend ooh looks good oh cute oh look little bow ties,32
14714,face,7
14715,ya know,3
14716,,
14717,touchdown dolphins,2
14718,right dolphins,3
14719,right dolphins,3
14720,whoo hoo,1
14721,whoo hoo,1
14722,big ones,3
14723,big ones,3
14724,uh oh lisa daddy friend moe promised dollars dolphins won game,19
14725,mean bet,6
14726,bet little thing daddies football exciting,18
14727,exciting savage ballet pro football,13
14728,know like ice cream,9
14729,uh huh,1
14760,good things happen little effort,12
14730,like ice cream better covered hot fudge mounds whipped cream chopped nuts oh crumbled cookie things mash hmmm crumbled cookie things,38
14731,gambling makes good thing better,8
14732,right god like kind bond,13
14733,,
14734,,
14735,got trouble maker booth,8
14736,forget code red booth,9
14737,god socks came,10
14738,un unn let,3
14739,,
14740,bart,1
14741,mom open,7
14742,oh bart use new underwear,9
14743,,
14744,,3
14745,final riverfront stadium miami cincinnati,11
14746,yeah,1
14747,boy mom sure happy won dollars,10
14748,think lisa mother crazy idea gambling wrong okay bible,28
14749,,2
14750,uh point great time today way let tell mother little wager okay,30
14751,okay dad,2
14752,fun,5
14753,bet,2
14754,fun right bart modeling new clothes friends,16
14755,got ta come simpson,6
14756,goodnight dad nice time today,9
14757,honey,3
14758,watch football sunday,9
14759,sure find gets rid unpleasant taste church,12
15482,,
14761,point taken uh mom loosen blanket little dad tucked tight cutting circulation arms legs,29
14762,team fired came play,10
14763,right,2
14764,lose,2
14765,hear said,7
14766,look fear eyes listen quiver voice little boy lost game men,24
14767,think bet,7
14768,bet entire college fund,8
14769,got,3
14770,moe dollars new york,6
14771,start spreadin news new york philadelphia thirty,12
14772,dad hate break mood getting nauseous,11
14773,oh sorry like afternoon games,11
14774,like pure heart seattle got prove raiders cheat,26
14775,extremely suspicious play raiders win,9
14776,,
14777,,
14778,hey new sign working,7
14779,madhouse lisa,5
14780,let football football homo eroticism oddball canadian rules phyllis george,12
14781,,
14782,oh doctor finish final score atlanta seventeen houston thirteen lowly falcons flyin high thunk,26
14783,daughter,4
14784,yeah,2
14785,lisa picked winner time kind special gift,15
14786,dad genius realize houston failed cover outings away turf week scoring touchdowns conference game,33
14787,oh little girl says cutest things,8
14788,know dad sunday fast favorite day week,13
14789,sunday daddy daughter day,5
14790,,
14791,usual moe beer wad bills,10
14792,okay ya lucky moron,4
14793,homer thirty dollars,9
14794,hate smell sweaty feet smell victory,16
14795,aw shut,3
14796,,
14797,look prices finally rid termites cost meal,18
14798,tut tut best family,7
14799,homer help wondering getting money,11
14800,mom man nice loved ones,11
14801,hmm guess,4
14802,hello marco waiter,7
14803,hello homer customer,7
14804,heard uh care select wine,13
14805,honors,4
14806,god passes wine list days marco bring freshest bottle wine chop chop,25
14807,charming lad,2
14808,oh violin guy,3
14809,favorite song lisa,5
14810,broken neck blues,4
14811,play,2
14812,,
14813,play offs loyal fan wearing g string team colors painted body,25
14814,look happy,5
14815,maybe paint shut pores slowly suffocating real fan,19
14816,lisa daddy daughter day daddy needs daughter picks,10
14843,promised mad,6
14817,dad making chiefs star silver bullet special blessing like tie cowboys plus chicago,26
14818,good good moe,5
14819,moe calling,7
14820,bet lisa,6
14821,,
14822,lucky son,10
14823,hey homer wanna bowling sunday,8
14824,barney nuts super bowl sunday,14
14825,ma coming norway uh hell,12
14826,,
14827,doctor said worms anymore happiest day life,19
14828,thank ralph graphic lisa simpson like read essay,14
14829,happiest day life sundays ago sitting daddy knee saints half point favorites kicked meaningless field goal second cover spread,46
14830,dear god,2
14831,,
14832,oh dad bought malibu stacey accessory,12
14833,malibu stacie lunar rovers,11
14834,ooh perfume meryl streep versatility,5
14835,boy know gon na like present,8
14836,shut shut kiss butt shut hell hell,15
14837,dad promise tired,11
14838,homer thoughtful presents tell got money,18
14839,right marge tell promise mad,17
14840,promise mad promise wo,17
14841,right know lisa gambling pro football,15
14842,homer,1
14844,promised mad year old girl,13
14845,marge loses got gift parents supposed encourage kids talent,20
14846,gambling illegal,4
14847,states victimless crime victim moe heh heh heh brought lisa,24
14848,know,5
14849,look problem kids happy smell like meryl streep got foot massager wanted,22
14850,believe marge bad possibly come,10
14851,know dad watching lot tv lately maybe sunday super bowl hike mount springfield fires tire yard beautiful sunsets,40
14852,sounds great honey sunday going bowling barney,13
14853,daddy daughter day,4
14854,worry new football season seven months away,11
14855,wanted help gamble wanted,20
14856,selfish man,5
14857,hell hell,6
14858,hey great present dad,6
14859,,
14860,,
14861,husband bought,6
14862,chips,6
14863,sure,4
14864,tell sonny gambling hockin jewelry chips,28
14865,,
14866,look malibu stacey bought dirty money penthouse alfa romeo collagen injection clinic,21
14867,going shoe box pretty dammit honest,15
14868,lisa simpson giving away ill gotten malibu stacey accessories,13
14871,look lisa bought malibu stacey chinchilla coat,10
14872,huh,1
14873,come buy forgiveness sorry homer,9
14874,look lisa honey sorry hurt feelings good time watching football think good time,30
14875,yeah,3
14876,watch super bowl eh huh,14
14877,like fuss,12
14878,date think cowboys beat spread,13
14879,,3
14880,look dad tell gon na win super bowl want validate theory cared winning money,34
14881,okay,1
14882,think dallas mortal lock,7
14883,dallas whoo hoo,2
14884,,1
14885,mean,10
14886,clouded rage subconsciously want lose case bet farm buffalo,24
14887,lisa favor complete sentence daddy bet money,15
14888,know,3
14889,,
14890,love dallas buffalo,10
14891,,
14892,homer think chip got dip,10
14893,live miami florida home super bowl today gon na seen people countries world including latest stolen affiliates overseas,33
14894,,
14895,,
14896,stupide,1
14897,whaa sorry mrs wellenmelon,5
14898,formidable,1
14899,,
14927,oh sucks snipers,8
14900,oh note like dagger heart got ta outta,15
14901,,
14902,moe tavern home super sunday brunch spectacular,9
14903,oh baloney bread,3
14904,gotcha ya bucks good luck eminence,10
14905,sorry homer money uh outta bookie business,16
14906,moe taking bets,7
14907,hey barney free beer,7
14908,wow,1
14909,worry moe bettin,6
14910,gimme,3
14911,,
14912,greatest gift little girl pick football ruined,18
14913,sir hours minutes pre game got special guest actor troy mcclure new sitcom premiering tonight coincidentally right game,35
14914,thanks bret new called handle care play jack handle retired cop shares apartment retired criminal original odd couple,29
14915,want situation comedy,9
14916,fell love script bret recent trouble irs sealed deal,19
14917,drexel class ooh looks like ready kickoff,14
14918,dallas kicks oh bad kick way short buffalo going start excellent field position,19
14919,buffalo gon na win lisa hates,6
14920,whatcha got riding game,6
14921,daughter,2
14922,gambler,3
14923,score half buffalo fourteen dallas seven,11
14924,,
14925,time tedious super bowl halftime,10
14926,people earth come billion light years bring halftime message peace,17
14928,bart winning,3
14929,hate dad touchdown,8
14930,,
14931,yea,6
14932,touchdown half dan beer dorf duff dry won duff bowl,14
14933,wanted,4
14934,hey homer duff dry wins daughter loves,13
14935,duff dry dallas,4
14936,okay okay great teams,6
14937,huh,1
14938,touchdown cowboys,2
14939,right business,6
14940,,
14941,glad people resist lures big game,13
14942,oh god forgot game,7
14943,,
14944,ticks left clock comes play dallas scores happy looting turning cars lone star state tonight handoff,37
14945,,3
14946,touchdown stick fork dallas cowboys wins super bowl,17
14947,,
14948,guess love dad,5
14949,suspected,4
14950,,
14951,yes loves loves,7
14952,happy homer win money,12
14953,money comes money goes daughter years,19
14954,,
14955,come dad,3
14956,beautiful,2
14957,,3
14958,catch breath home,9
14959,,
14960,,
14961,,
14962,,
14963,cleaning ah kidding,10
15604,,2
14964,maggie grow suck pacifier want,14
14965,,
14966,extra mustard bart sliced diagonally lengthwise light mayo lisa cut crust double bologna homer,20
14967,marge split pants oooh sandwiches today bologna sandwiches slices bologna cheese,27
14968,time time,8
14969,bother raisins gon na eat double bologna double bologna ask pimento forget double bologna hardly,34
14970,,2
14971,lisa pimentos bart hat left toilet homer sew pants bologna,26
14972,thanks mom,2
14973,thanks mom,2
14974,,
14975,videos return grocery list flea dip cat homer dry cleaning think,17
14976,marge ball nick today bottle cap got lodged finger hole,18
14977,homer running late use balls alley,18
14978,alley balls,2
14979,alright whine left hand,10
14980,kids hurry going miss bus,10
14981,way,2
14982,happen,2
14983,damned,4
14984,,
14985,mom bart making faces,6
14986,nervous twitch little sensitive mind,15
14987,mom bart quit quit hey quit quit quit quit quit mommmmm,22
14988,,2
14989,,
14990,fruit leather tree fresh imitation orange drink krusty brand duck sausage pizza,12
14991,,
14992,sorry lady got wrong nick want nick town,16
14993,,
14994,eh know nicky telling flushed ball years,15
14995,,
14996,oh miserable stress headache feels like rat brain,13
14997,time bill marty classic crank,10
14998,hello mr justin sherman,6
14999,yes,1
15000,sir wife dead,5
15001,oh god,3
15002,right walked plate glass window blood,13
15003,talked,6
15004,ahhh,1
15005,,
15006,,
15007,bart making faces,3
15008,lucky red cap,5
15009,alley balls,2
15010,wife dead,4
15011,flushed ball years,7
15012,noooooooo,1
15013,,
15014,,
15015,,
15016,look lady better good,6
15017,,
15018,,
15019,arnie pie arnie sky got big problems springfield memorial bridge people traffic wa ay directions look corner fourteenth elm dropped bagel,42
15020,locked car refuses,9
15021,flash lights,5
15022,yes,1
15023,fresh ideas,6
15024,right chance catch rays,8
15025,got body trunk,9
15026,mr teeny stop fiddling buttons oh gotten chocolate,15
15027,kent brockman reporting live arnie pie traffic copter assure mere morning traffic report,23
15028,hey,1
15029,face facts arnie overworked appreciated housewife snapped parked car bridge refusing budge reporter going lowered channel sky harness exclusive interview,40
15030,,
15031,hey sweetheart matter gettin good stuff home,14
15032,,
15033,,
15034,let let husband,9
15035,explains lot,5
15036,try talk,7
15037,lips,9
15038,hello hello thing hello,7
15039,homer,4
15040,,4
15041,yes,5
15042,yes,3
15043,tell love,5
15044,love,5
15045,uh later tonight think uh snuggle,12
15046,haw haw,2
15047,wrap,7
15048,look marge tell bothering come car promise takes better honey,29
15049,okay,1
15050,cuff boys,3
15051,,
15052,record gals force knew felt,15
15053,nice think loosen cuffs,10
15054,,1
15055,,
15056,worry mr mayor little bird crackin rocks end week,18
15057,wiggum glorified night watchman let,8
15058,broke law,5
15059,thanks civics lesson listen marge simpson goes jail kiss chick vote goodbye gon na break fall,32
15060,word wise quimby write checks butt cash,12
15061,hear loud clear wiggum bite bite,12
15062,talk talk quimby walk walk,11
15063,,
15064,declare today marge simpson day city springfield,14
15065,like trained seals toss fish watch slap fins,15
15066,,
15067,ends goodnight marge,8
15068,,
15069,years ago spanish explorers discovered little piece heaven nestled springfield mountains called rancho relaxo today springfield star health spa,33
15070,swim play tennis sit stare walls rancho relaxo boss,17
15071,remember spell relaxo relax,7
15072,,
15073,,
15074,homer,1
15075,whaa,1
15076,need vacation,4
15077,marge vacation remember mystic caverns,11
15078,,
15079,need unwind,4
15080,know marge come know vacations like monsters seat let face day beach marge sandwich marge sandwich,53
15081,mean vacation,7
15082,mean getting divorce marge change,11
15083,homie love lot couples separate vacations,14
15084,okay swear comin,10
15085,swear,2
15086,right,3
15087,thanks taking children away,9
15088,worry,3
15089,uh huh got months maternity leave gon na use,13
15090,homer bring maggie,6
15091,,
15092,wish thought,5
15093,startin,4
15094,homer maggie want leave house maybe stay,17
15095,sure wise,5
15096,uh huh probably trade beer nudie magazine,12
15097,information care,10
15098,got bounce,7
15099,,
15100,aboard shelbyville badwater cattle skull testing grounds rancho relaxo,12
15101,goodbye homie,2
15102,good bye clean underwear,6
15103,check dryer,3
15104,change maggie,6
15105,needs,4
15106,marge marge use pressure cooker,9
15107,,1
15108,,
15109,coma wkoma restful easy listening coming super set songs clouds,18
15110,,
15111,hello maggie,2
15112,sorry honey mommy went crazy went far far away,9
15113,going awhile,15
15114,,
15115,kids touched tongue sandwiches need drink,12
15116,got clamato mr pibb soy milk,8
15821,cool,1
15117,alright think hit hay,9
15118,afternoon,5
15119,aware time,5
15120,lisa sleep bed bart sleeping aunt patty,14
15121,bed,3
15122,uh huh warn told snore,11
15123,divorce court minutes,7
15124,scared lisa,3
15125,think know fear seen naked,10
15126,aaah,1
15127,,
15128,oh hello welcome rancho relaxo,7
15129,troy mc clure remember films today kill tomorrow die gladys groovy mule today greatest role video tour guide rancho relaxo,40
15130,tour starts room relaxo vision offers latest hollywood hits midnight finest r rated movies europe offer ooh la la today selections,33
15131,thelma louise happy little elves meet fuzzy snuggleduck erotic awakening s,16
15132,chef rodrigo,7
15133,taste troy,5
15134,mmm mmm mmm good tastes good,12
15135,wrong troy pot fourteen calories,12
15136,ahh ahh gregory life,10
15137,feeling tense,2
15138,uh huh,1
15139,push phone pound sign rest,17
15140,maggie nummy nummy num,5
15141,mmm strained peas,3
15142,let,2
15143,marge times like glad flunked mexican med school,15
15144,,
15217,hi homie feel better,6
15145,hi barney thanks keeping company,7
15146,problem little bart remember uncle barney hey homer let hold,19
15147,right careful,6
15148,whoa smells stinky oh,7
15149,,
15150,bart looking people things find good,13
15151,said aye carumba,11
15152,hey lis bang bang,5
15153,ah bart black head gun,6
15154,eew,1
15155,best macgyver,3
15156,mm hmm richard dean anderson dreams tonight,10
15157,,
15158,,
15159,sleep da da da da da da da da da da dee dee dee dee dee christmas day nice goodnight little pork chop,32
15160,,
15161,,
15162,,
15163,oh maggie time feeding,8
15164,heh heh heh,3
15165,,
15166,maggie,1
15167,maggie,1
15168,maggie,1
15169,maggie,1
15170,maggieeee,1
15171,oh man want bad night try sleeping,13
15172,barney lost baby worst thing,12
15173,worry worry know gon na gon na omlette,16
15174,help look,4
15175,sure kinds cheese,11
15176,,1
15177,hey homer think got,7
15178,come,2
15179,barney gon na pull arm,7
15180,sooner sooner omlettes,12
15181,,
15182,,
15183,verdict,4
15184,oh dear god bag head,12
15185,yes,3
15186,,
15187,hello like department missing babies,8
15188,hold,2
15189,,
15190,bungee jumping kayaking calligraphy cigar making hula dancing hmm guess,14
15191,seen rancho relaxo offer,10
15192,uh huh,1
15193,remember tell good time tell,17
15194,oh,1
15195,said dolores montenegro calling quakers way baby,15
15196,hello room service marge simpson like hot fudge sundae whipped cream chocolate chip cheesecake bottle tequila,26
15197,let outta thelma,5
15198,okay louise,2
15199,,
15200,,
15201,want,4
15202,came kids,6
15203,wait steal light bulbs,8
15204,hmmm,1
15205,dad,1
15206,hey kids uh seen maggie anyplace,11
15207,uh um,1
15208,got ta,4
15209,kids time rub aunt patty feet,9
15210,,
15211,,
15212,hello lube job wait,7
15213,touch,3
15214,,
15215,,1
15216,,
15219,listen marge uh feel told dog ran away,15
15220,homer awful,3
15221,oh got good news dog run away,13
15222,good coming home honey pick train station hour bring kids bye,23
15223,,
15224,,
15225,jump know going tough times life ahead,20
15226,,
15227,marge maggie young like got attached marge life funny day babies thing know oh,35
15228,man reported lost baby,8
15229,yes,1
15230,describe,4
15231,uh small girl,6
15232,bingo,1
15233,oh maggie,2
15234,fast wanted counts criminal neglect,11
15235,found baby oh thank thank thank,11
15236,ah shucks big lug,10
15237,,
15238,going,4
15239,,
15240,,
15241,hi miss,5
15242,leave leave leave,9
15243,missed,4
15244,,
15245,hope help little,17
15246,got sweetheart blanket,9
15247,use little want little time expect help,23
15274,boys girls let welcome special guest ted carpenter twirl king yo yo company,17
15248,mom think speak bed worry let try little shut eye okay,30
15249,hey gives,3
15250,said wanted live world zinc jimmy car battery,19
15251,promised betty pick better,16
15252,,
15253,sorry jimmy zinc rotary mechanism telephones,12
15254,dear god,6
15255,think jimmy firing pin gun yup zinc,17
15256,come zinc come,5
15257,come zinc come zinc zinc zinc oh dream thank goodness live world telephones car batteries hand guns,29
15258,things zinc,6
15259,gross picking nose,5
15260,wants learn zinc welcome stay,12
15261,talk homework ya,11
15262,ah chef lonely hearts soup,7
15263,scratch win apu,5
15264,mrs krabappel seen doubled prices teaching,13
15265,let,2
15266,day,5
15267,bingo bango sugar gas tank ex husband strikes,11
15268,,
15269,hmp hmp personal ad fun kind lark,15
15270,answer phone need man,9
15271,,
15272,ow eyeball,3
15273,people people allllll right know wait long knock,17
15275,kids yo yo kinda dull huh competition video game,18
15276,presenting twirl king champions,5
15277,mister amazing,2
15278,sparkle,1
15279,beautiful,2
15280,zero gravity,2
15281,cobra,2
15282,guys millionaires,5
15283,bet kinds girls,8
15284,question educational value assembly,8
15285,hey pleasant memories pumpin gas living,16
15286,dawning age aquarius age aquarius aquarius aquarius,14
15287,,
15288,stunt principal,15
15289,mmm careful ooh gee grazed ear,10
15290,hurt,7
15291,oh,1
15292,yo yos cost,6
15293,care,3
15294,good bye bye bye,3
15295,wow thanks sparkle wait,7
15296,old sparkle,4
15297,right worthless butts van got schools come lets,22
15298,trick,3
15299,trick,4
15300,thank thank,4
15301,,
15302,marge come,3
15303,believe pretty soon able quit job live boy,18
15304,person gotten rich yo yo tricks,12
15306,,
15307,,
15308,months sea pilgrims running food water yes nelson,16
15309,yo yos,5
15310,yo yos landed plymouth rock greeted friendly wampanoag indians,20
15311,indians yo yos,5
15312,yo yos sick tired talking yo yos accept book reports science projects dioramas yo yos yo yo related topics making clear,44
15313,yo,1
15314,hey bart got new tricks today,9
15315,little plucking pickle,10
15316,build little steam,7
15317,,4
15318,,
15319,worry wee fish lass going better place,13
15320,bart month detention,5
15321,mrs krabappel upset untimely deaths stinky wrinkles life goes yo yo,26
15322,bart yo yo,15
15323,kidding kidding,10
15324,,3
15325,absolutely,1
15326,,
15327,,
15328,eatin woman personal ad said wanted man got humdinger,18
15329,know guess expected different photo,12
15330,let age fool cause little snow roof forget rest goes,23
15331,,
15394,girl lazy eye patch,9
15332,months detention pay yup problem jammed malibu stacy head,19
15333,edna happy hour teacher lounge,7
15334,sec,3
15335,huh plus equals recently divorced fourth grade teacher wishes meet man age object save write edna k box,24
15336,hmmm,1
15337,dear edna answered personal ad found irresistible,17
15338,,
15339,woodrow like holding hands dinner candle light oh yes hate yo yos,17
15340,oh woodrow,2
15341,,
15342,maybe let dog,7
15343,marge dogs love outdoors,5
15344,think needs dog house,7
15345,yeah ya gon na,6
15346,bet buy nice doghouse dollars,11
15347,marge tool dog house makers,9
15348,,3
15349,yes brainwashed dog house commercials tv know build dog house,22
15350,oh know,4
15351,worry drew little blueprint let walk,16
15352,door goes roof happy character sun shines house,27
15353,,
15354,detention today dear,5
15355,oh bad starting hang floor waxer,13
15356,yes,1
15357,dear woodrow admit intrigued like men met,15
15358,yeah president united states,9
15388,mmm special telling,13
15389,oh,2
15359,bad experiences ads like learn write soon photo pencil moving,29
15360,got date xerox machine,8
15361,stupid lumber,2
15362,dammit son,5
15363,hell,4
15364,,
15365,fella came store today asked change dollar sir gave quarters mistake took afternoon track,31
15366,todd like mixed vegetables,7
15367,hell,2
15368,,4
15369,said want damn vegetables,8
15370,right young man bible stories tonight,12
15371,little hard,7
15372,knew temper married,11
15373,,
15374,ned flanders phone,6
15375,stupid quarter hello ned,11
15376,sorry bother reverend lovejoy kind tizzy son todd told want eat damn vegetables,27
15377,know kids vegetables asparagus,10
15378,reverend point said bad word,10
15379,oh oh right yeah kids usually pick things someplace find uh direct bible,24
15380,bible,4
15381,uh page,3
15382,reverend,2
15383,damn flanders,2
15384,,
15385,hey lis moment time,7
15386,yeah,1
15387,suppose writing second letter girl material,22
15390,terri,3
15396,exchange student,6
15397,homework,7
15398,sure hey bart let homework,9
15399,,
15400,golly sergeant carter fix jeep maybe galveston oh galveston,20
15401,watches,5
15402,oh watch davy goliath thought idea talking dog blasphemous,19
15403,,
15404,hey mom save love letters dad sent,11
15405,course saved,5
15406,actually love postcard brewery visited,17
15407,maybe beer talking marge got butt wo quit got big chewy pretzels dollars outta,26
15408,wow dad seen,8
15409,,
15410,,
15411,penny thoughts mrs,6
15412,thinking oh interested,9
15413,try helps talk,7
15414,wishing meet man likes way look thing morning laughs jokes,25
15415,uh huh,1
15416,fix car,4
15417,oh yeah,2
15418,,
15419,dear edna photo took breath away,8
15420,,
15421,truly butt wo quit yesterday morning picture garage inspire gapped spark plugs,27
15422,,
15423,built mission,6
15424,finally villagers place pray,8
15425,bringing sheaves,4
15426,bringing sheaves,4
15427,shall come rejoicing bringing sheaves,8
15428,getting brother darn sure,11
15429,damn crappy nails super glue butt,7
15430,,
15431,,
15432,,
15433,homer,1
15434,flanders,4
15435,afraid bone pick,10
15436,look camcorder lost okay,12
15437,came talk potty mouth,10
15438,hell talking,7
15439,look homer pull boners half cocked asses want hard wish curse boys,41
15440,oh come flanders complain moustache,12
15441,wrong moustache,5
15442,makes look like got hide,9
15443,,1
15444,people talking lots people,6
15445,okay mister got deal shave soup strainer sailor talk old heave ho okay,23
15446,aye aye admiral butthead,3
15447,return tunsia colorization theater,10
15448,ah love million poets try million years describe eighths beauty,20
15449,ohhh slow frenchy stuff gold,8
15450,,
15451,wow million poets working million years lucky gon na meet,18
15452,asked send photo,8
15453,uh huh,2
15454,got reelin,12
16000,,
15455,strap skates gordie going,8
15456,,
15457,hey marge want hear funny flanders thinks swear marge laughing,19
15458,know maybe right,6
15459,surprise marge sticks flanders conversation bring hero ned flanders,23
15460,actually homer brought ned flanders said word,13
15461,look past marge maybe curse little way god old stop,25
15462,father got navy curse blue streak cost job baby photographer mom swear jar kitchen time said bad word quarter think,54
15463,marge self improvement passion bring swear jar,15
15464,pay hit hand hammer,13
15465,yes homer,2
15466,catch fire,6
15467,homer,2
15468,weird sky,10
15469,yes homer,2
15470,snuggle,5
15471,uh okay,3
15472,,
15473,dear woodrow time meet dinner afterward apartment home cookin,27
15474,huh aye carumba,3
15475,hungrily edna,3
15476,dangled line long time boat bass,14
15477,,
15478,read letters feel right watching,15
15479,bart eyes,3
15480,yes,2
15481,edna second meet stabs like thousand needles,12
15483,join gilded truffle saturday later smooch storm sexily woody,21
15484,,
15485,,
15486,,
15487,help feel partly responsible,7
15488,homer,5
15489,god,2
15490,ohh son,3
15491,hey homer ya know owe buddy sooner shaved old cookie duster lady cast commercial,27
15492,ah tell ya way checks coming criminal,14
15493,dirty bas,3
15494,ya think lisa,5
15495,dog supposed,7
15496,goes ohhh,5
15497,,
15498,oh woodrow stand,8
15499,mrs k guy need plenty good men,17
15500,,2
15501,wrong principal skinner,5
15502,seymour huh let mommy wo let play,13
15503,coach fortner,4
15504,glug glug glug glug,4
15505,wow groundskeeper willie,5
15506,gon na tell guy bart closest thing man life depressing think gon na cry,30
15507,,
15508,,
15509,oh fudge broken,4
15510,fiddle dee dee require tetanus shot going swear going kick doghouse,23
15511,dad commentary skills bought new doghouse,16
15512,money,5
15513,swear jar look inside doghouse little surprise,20
15514,maggie oh cute,3
15515,,3
15516,beer know,5
15517,maggie maggie,4
15518,maggie,2
15519,mom little ahead schedule need help love life,16
15520,oh special little guy sweetheart,8
15521,knew right bart girlfriend,9
15522,mrs krabappel,2
15523,bart teacher start going parents night,12
15524,homer bart cruel thing,8
15525,boy got teacher tell truth,13
15526,homer truth humiliate,7
15527,oh marge said thought wanted hear,15
15528,maybe write letter says good bye lets feel loved,16
15529,step aside sensitive love letters specialty,9
15530,dear baby welcome dumpville population,7
15531,help,3
15532,inoculating babies kampuchea heart,14
15533,sucks crocodiles bit face,9
15534,disgusting woman loves man matter crocodile bit face,20
15535,hold marge,7
15536,okay okay years farming ocean floor,19
15537,finish letter quickly minutes live,14
15538,simple words gay,6
15539,homer time putting,11
15540,time hear wind blow whisper edna,14
15541,oh good lisa,5
15542,gay,5
15543,shall end,5
15544,love echo ages,11
15545,oh sweet,3
15546,ohhh homer old honey dripper,6
15547,little,3
15548,,
15549,,
15550,wait wait,2
15551,,
15552,dearest edna leave know decided thing tell time hear wind blow whisper edna,43
15553,,
15554,,
15555,bart nice day today let detention outside,11
15556,date,3
15557,,
15558,mmm nuts,4
15559,hey homer slow gon na choke,9
15560,tell eat donuts,8
15561,hey homer choking,4
15562,hmm aid chart,10
15563,somebody scare,3
15564,hiccups,3
15565,hey look,4
15566,softball starts week,4
15567,softball,1
15568,,2
15569,matter guys,6
15570,homer year,8
15571,look know best season,8
15572,actually,3
15573,year gon na different,6
15574,oh yeah makes damn sure,8
16275,,
15575,secret weapon,5
15576,hey holding,7
15577,secret weapon wonder,9
15578,,
15579,come boy want,9
15580,home bat,5
15581,special home bat started year terrible thunderstorm locked house,24
15582,sheltering large piece sheet metal ran cover tallest tree find,20
15583,told special magical piece wood bat,21
15584,homemade football hold set work making world greatest bat,16
15585,homie come bed,4
15586,homer garage,6
15587,,4
15588,wow home runs gon na hit,10
15589,let play thirty games bats game thousand,13
15590,,
15591,,
15592,hit charlie,4
15593,okay let ground rules leave chug beer man scoring chug beer chug beer odd numbered innings oh fourth inning beer inning,47
15594,hey know play softball,7
15595,play ball,2
15596,attention units attention units armored car robbed,11
15597,turn damn radio,5
15598,man wants hit ball goes direction happy,25
15599,uh mom let game,10
15600,right dear,8
15601,hey stop,3
15602,okay homer bases loaded secret weapon,11
15603,check boys magic bat,7
15605,yeah got magic bat,7
15606,got enchanted jock strap,7
15607,yeah watch,3
15608,woo hoooooo,2
15609,ha ha cops win,5
15610,license registration,5
15611,right chief,2
15612,,
15613,wow dad,2
15614,homer beer,7
15615,want beer,8
15616,kids kids kids beer let super slow motion,20
15617,mighty wallop,4
15618,hey got magic bat piano,9
15619,sister let use wooden leg,8
15620,,
15621,,
15622,good news sir plant softball team won beat shelbyville week capture pennant,20
15623,hear ari boys need thump tub title,18
15624,ha gladiators power plant crush team like flabby grapes,15
15625,disagree,2
15626,care bet million dollars,10
15627,oh going bet interesting,12
15628,million dollars interesting,8
15629,oh million sorry mind thought start small bait know goes yes certainly million fine,42
15630,um hm,1
15631,,
15632,smithers thinking wrong cheat order win million dollar bet,17
15633,yes sir,2
15634,let rephrase wrong cheat order win million dollar bet,18
15635,sir kill,6
15752,whoo hoo whoo hoo face strawberry,8
15636,smithers decided bring ringers professional baseballers,12
15637,token jobs plant play softball team honus wagner cap anson mordecai finger brown,24
15638,uh sir,2
15639,smithers,4
15640,afraid players retired uh passed fact right fielder dead thirty years,25
15641,damnation right find good players living players scour professional ranks american league national league negro leagues,23
15642,way sir,5
15643,oh smithers hours,7
15644,,
15645,play game,7
15646,right mr canseco,4
15647,pay cut hey sounds like fun,13
15648,,
15649,ow,1
15650,hey sorry thought deer,8
15651,okay happens time mike scioscia,10
15652,,2
15653,uh like working dodgers,9
15654,okay wish little blue collar know big machines cool dials stuff like oil refinery hydro electric plant,33
15655,talk,3
15656,,
15657,elvis rec room king rehearsing exercising liked unwind watching tvs,25
15658,man oh man lifestyle,6
15659,excuse ozzie smith,6
15660,yes,1
15661,proposition,6
15662,,
15663,hello don mattingly,5
15664,yes yes come come,16
15665,,
15666,like ringer small town company softball team,15
15667,,2
15668,,
15669,like introduce new members happy power plant family new security guard roger clemens,21
15670,hello,1
15671,new janitor wade boggs,5
15672,,3
15673,new lunchroom cashier ken griffey jr,7
15674,hey guys,4
15675,new uh jobs fellows later hello steve sax don mattingly darryl strawberry ozzie smith mike scioscia jose canseco,29
15676,oh way new fellows sign sheet company softball team bulletin board eh case wish play,31
15677,hey wait minute mr burns team wo need,15
15678,duh scioscia sign,6
15679,thanks run solid contaminant encapsulator,13
15680,outburst like send big leagues,14
15681,darryl strawberry,3
15682,yes,1
15683,play right field,4
15684,yes,1
15685,play right field,5
15686,,1
15687,better,6
15688,met yes,7
15689,,
15690,fair guys worked hard championship game sitting bench,24
15691,hit home runs year makes think darryl strawberry character better,20
15692,marge forget bigger faster stronger friends plant,25
15693,sick homer told mind,23
15694,little bit older tell crock matter good million people better,32
15695,gotcha win try,5
15696,,
15697,new manager want assured spot starting line care steve sax darryl strawberry smithers bad players names,41
15698,homer simpson sir,3
15699,homer simpson,3
15700,secondly instead beer drinking,13
15701,brain nerve tonic rich proteids electromagnetic juices promotes robust health course known cause gigantism rare cases try,32
15702,wow like party mouth invited,12
15703,excellent let begin training shall smithers medicine balls,13
15704,going million dollars sir,11
15705,oh know throw pile suppose,11
15706,good players,6
15707,good players,6
15708,beat shelbyville,4
15709,beat shelbyville,4
15710,percent,8
15711,impossible percent definition,21
15712,got got,6
15713,yes,1
15714,hey called,5
15715,lid simpson team,11
15716,guys bad attitude skip,9
15717,sure strawberry,4
15718,,
15753,wait minute ken griffey jr,8
15754,,1
15719,hey scioscia ringer night core bustin butt haulin radioactive waste,23
15720,carl relief pressures playing big league ball mean kind mistake boom press,31
15721,uh oh,1
15722,ah worry,5
15723,oh man sweet,6
15724,,
15725,pick pick,4
15726,pick ken griffey jr,5
15727,aw geez okay milhouse,6
15728,hey mr boggs team,9
15729,got player,5
15730,damn right lewis,6
15731,jose canseco,4
15732,,
15733,,
15734,mattingly rid sideburns,6
15735,sideburns,2
15736,heard hippy,4
15737,mattingly rid sideburns,6
15738,sideburns,2
15739,heard hippie,4
15740,guys tough got wonder bat,9
15741,,
15742,,
15743,knee boys,4
15744,tomorrow biggest day lives shelbyville game lights seven thirty abstain coffee tea cola drinks mistake pack wallop,31
15745,sure skip,3
15746,yes post starting line want assure names list disappointed lacking let heart,35
15747,hustle skip,4
15748,right darryl,3
15749,aw nuts,2
15750,want team clemens team,15
15751,sure,3
15755,sorry mean hopes,9
15756,,
15757,,
15758,smithers way lose bet course stars fall victim separate misfortunes unable play tomorrow happen misfortunes possible seven misfortunes outside chance misfortunes like,50
15759,,
15760,,
15761,nice little town maybe buy home retire,14
15762,problem officers,7
15763,smart guy,7
15764,reach license slowly,5
15765,steve sax new york city,8
15766,heard guy got killed new york city solved case know steve,28
15767,hundreds unsolved murders new york city,10
15768,know mouth shut saxy boy,13
15769,,
15770,uh mike try lift arm,7
15771,lift arm speak normal rate,8
15772,afraid case acute radiation poisoning mr scioscia,13
15773,able play softball tomorrow,8
15774,tomorrow barely able breathe,9
15775,oh man,2
15776,dr hibbert ken griffey jr needs immediately think overdose nerve tonic,18
15777,good lord gigantism,3
15778,,
15779,baby baby,4
15780,worry save baby,8
15781,oh thank mr conseco,5
15782,cat,2
15783,fear save cat,7
15784,player piano,3
15785,oh man,2
15786,,
15820,,
15787,thing good anymore,11
15788,oh homie good lots things,8
15789,like,2
15790,like snuggling,2
15791,yeah friends watch,9
15792,,
15793,england greatest prime minister lord palmerston,10
15794,pit elder,3
15795,lord palmerston,2
15796,pit elder,3
15797,okay asked boggs,6
15798,yeah showin barney pit elder,8
15799,lord palmerston,2
15800,,
15801,nice work boys think close book unsolved crime fair city,20
15802,lawyer,9
15803,watch movies sax,6
15804,,
15805,,
15806,long thing kind hurry,15
15807,hard friend come,16
15808,wow,3
15809,,
15810,,
15811,think going,6
15812,game,3
15813,want sitting butt,14
15814,seen dad,4
15815,mattingly time rid sideburns,10
15816,look mr burns know think sideburns,12
15817,argue rid,9
15818,smithers game time devil ringers,11
15819,sir mike socioscia live night steve sax looking consecutive life sentences ozzie smith vanished face earth,31
15822,conseco,3
15823,,
15824,dryer goes right,6
15825,yes,2
15826,clemens,3
15827,sir condition play,7
15828,brock bock bock bock brock bock bock bock,8
15829,damn hypnotist,3
15830,look starting pitcher thinks chicken mistake going report american hypnotical association,25
15831,good job gooood job,9
15832,oh guess fault good job,13
15833,mattingly thought told trim sideburns home team good,18
15834,fine like better steinbrenner,8
15835,right rag tag bunch misfits hate hate beloved ringers got want remember inspiring things told course lives win,53
15836,fast simpson,4
15837,man plays position hit pine,12
15838,stink strawberry want home run homer,7
15839,dar ryl dar ryl,2
15840,dar ryl dar ryl,2
15841,children nice,5
15842,mom professional athletes sort thing rolls right backs,17
15843,,
15844,right monty managerial skills smithers massage brain,16
15845,yes sir,2
15846,strawberry hit home run,6
15847,okay skip,2
15848,told,6
15849,brilliant strategy sir,3
15850,oh dear,2
15851,children tell father stops scratching kids,10
15852,tell ya mom,4
15853,right tie game ninth outs bases loaded strawberry coming,15
15854,gon na win championship thanks,9
15855,wait strawberry good effort today lap hit showers putting right handed batter hit,23
15856,,1
15857,pinch hitting,4
15858,yes left hander pitcher send right handed batter called playing percentages smart managers win ballgames,31
15859,got home runs today,7
15860,proud sit simpson batting strawberry,14
15861,whoo hoo,3
15862,atta boy homer,3
15863,,4
15864,brock bock bock bock bock,5
15865,right simpson let signals,8
15866,tug bill cap like,10
15867,yes,1
15868,means signal fake,7
15869,uh uh,2
15870,dusting hands thusly,11
15871,got,2
15872,want bunt touch belt buckle twice thrice,18
15874,got simpson,3
15875,yes sir,2
15876,batting darryl strawberry homer simpson,7
15877,huh,1
15878,oh dear,2
15879,mom counts hit dad won game,12
15880,ohh guess happy comes,11
15881,won won right,6
16699,lurleen,1
15882,mr burns power plant won roger clemens clucking mike socioscia tragic illness smile wade boggs lay unconscious barroom tile talkin softball maine san diego talkin softball mattingly conseco ken griffey grotesquely swollen jaw steve sax run law talkin ho mer ozzie straw talkin softball maine san diego talkin softball mattingly conseco ken griffey grotesquely swollen jaw steve sax run law talkin ho mer ozzie straw,103
15883,wait till year alive,8
15884,good lenny,3
15885,magnificent simply magnificent,3
15886,outta town,4
15887,yes,1
15888,museum barnyard oddities,10
15889,,4
15890,oh gimme map,8
15891,like skip,3
15892,oh manager dream strawberry,6
15893,,
15894,smithers game time devil ringers,11
15895,sir mike scioscia live night steve sax looking consecutive life sentences ozzie smith vanished face earth,31
15896,,
15897,,
15898,class promised surprise today,8
15899,wow,1
15900,,
15901,knew,3
15902,going test,10
15903,,
15904,,
15905,going test,6
15906,right test,4
15907,called career aptitude normalizing test nt,9
15908,,
15909,discover wonderful vocation imagined find life fair spite masters bryn mawr end glorified baby sitter bunch dead eyed fourth graders husband runs naked beach marriage counselor,52
15910,question animal carpenter ant b nurse shark c lawyer bird,24
15911,,
15912,question prefer smell gasoline b french fries c bank customers,16
15913,waste time,7
15914,janey school waste time,8
15915,minutes recess pencils stare room,20
15916,tests,4
15917,,
15918,,
15919,emma,2
15920,,
15921,scientifically selected career,6
15922,architect,1
15923,mm hm,2
15924,insurance salesman,2
15925,mm hm,2
15926,salmon gutter,2
15927,military strongman,2
15928,systems analyst systems analyst systems analyst,6
15929,systems analyst,2
15930,awriigght,1
15931,homemaker,1
15932,mm hmm like mommy,6
15933,police officer jiggered,6
15934,like learn arrange ride police car night,21
15935,hey need police car,15
15999,ohhh nooo coppppss,3
15936,think consider know saw test results pegged drifter,22
15937,wow drifter,3
15938,,
15940,cool,1
15941,,
15942,homemaker dead,8
15943,lisa bad,5
15944,gon na boy,6
15945,policeman,1
15946,,
15947,nice bart know father wanted policeman little said heavy,23
15948,army said heavy police said dumb,15
15949,gon na famous jazz musician got figured unappreciated country gutsy blues stylings electrify french avoid horrors drug abuse plan torrid love affairs die young decided,58
15950,honey want help,13
15951,wait minute anybody gon na follow footsteps,10
15952,,
15953,tell takes blues musician,15
15954,sure chops,6
15955,uh huh,2
15956,yeah,1
15957,cool,1
15958,think talent,6
15959,sure,1
15960,think professional day,10
15961,oh lord,3
15962,practice day,5
15963,yeah frank lisa frank mean know devastating inherited finger condition known stubbiness usually comes father,33
15964,,
15965,stupid fingers,2
15966,wrong wrong need long fingers play blues blues come,19
15967,god stubby,5
15968,look steal copper wire thought throwing,18
15969,sir pick son coming ride,15
15970,good maybe straighten boy,9
15971,wow club,6
15972,called baton son,5
15973,oh,4
15974,club people,5
15975,,
15976,time,4
15977,,
15978,guys like cops,6
15979,oh great run red lights park hot cold runnin chicks,18
15980,home night know difference,13
15981,hey bart caddy,8
15982,huh huh,1
15983,mayor quimby car tonight hizzoner polling electorate,10
15984,,
15985,like street named,9
15986,,
15987,tell ya come night,9
15988,,
15989,dear log entry journal hopes dreams,23
15990,,
15991,need straight cop,9
15992,hey fellas let shoot bad guys,8
15993,whoa whoa work way son,9
15994,people movies like mcbain think bang bang cops n robbers,13
15995,let roll,2
15996,ocean tango pursuit speeding individual driving red car license number,17
15997,eggplant xerxes crybaby overbite narwhal,1
15998,,
16001,ooh nylon rope time feels smooth skin sensuous,16
16002,,
16003,oh baby,2
16004,,
16005,damn boxes,2
16006,,
16007,trapped,2
16008,backup,3
16009,know son regulation cover,14
16010,woww,1
16011,hell punk,5
16012,,
16013,act death drives stick,6
16014,hell punk,5
16015,,
16016,,
16017,man close,4
16018,good thing alley got narrow middle,10
16019,nice work boys,5
16020,looks like bought lottery ticket jail,11
16021,unconscious sir,3
16022,hear things,5
16023,sir know wanna grow cop,13
16024,son gon na honorary police officer eddie badge,17
16025,hey,1
16026,,
16027,morning honey,2
16028,good,5
16029,lisa know homemaking let creative morning turned bacon eggs toast nice smiley face bart homer,33
16030,point notice,6
16031,oh surprised,5
16032,,
16033,relax hand,5
16034,thank cooperative,7
16035,bad dog bad dog,5
16036,mom blame dog think look surveillance photos,17
16037,oh oh unng oh bart,5
16038,uh know got,9
16039,lisa band practice,7
16040,quit,2
16041,oh honey right discouraged deep know love saxophone think stay band,23
16042,think great join band,12
16043,lisa lot people world like tell know talking,28
16044,,
16046,girl oatmeal box,6
16048,women astronauts,4
16050,distract men astronauts minds road,14
16053,,
16054,sisters wrong cities moon wrong wrong,29
16055,,
16056,,
16057,sweet vigilant puma principal mountains,7
16058,hi lis want quiz vowels,9
16059,janey ready chuck stinking alphabet,10
16060,huh,1
16061,lisa bad girl bathroom,10
16062,doy,2
16063,wanna egg house,5
16064,okay,1
16065,lookin,4
16066,,1
16067,figuring stuff egg,10
16068,okay want honk skinner suggest attack thing truly believes,21
17333,,1
16069,saw awful things nam wonder mentality desecrate helpless puma thought goodniks rule school,34
16070,god use half day,7
16071,think big men handcuffs blasted tasers,10
16072,outta,4
16073,bart simpson thing,12
16074,,6
16075,simple observed friend groundskeeper willie burning leaves blatant disregard clean air laws,22
16076,bart simpson law order world gone topsy turvy,14
16077,right man got taste authority liked,14
16078,hm,1
16079,bart lot troublemakers school lord knows,19
16080,,2
16081,look let euphemisms huh bullspit like hall monitor,18
16082,mean squealing kids,7
16083,meat yes,6
16084,hmm,1
16085,,
16086,witness x tell court saw,12
16087,happy saw mr montone seal late mr palacio oil drum roll pier,26
16088,keel,3
16089,aye carumba,2
16090,uh know,4
16091,oooh wear sash,8
16092,got narc,5
16093,,
16094,hey jimbo keepin nose clean dude attaboy hey donna loves ya baby,14
16095,hall bub,5
16218,thirty million dollars,9
16096,think sister let moving,11
16097,pink belly pink belly pink belly,6
16098,allright break boys belly ai gon na pinker,12
16099,okay wedgie,2
16100,oh,1
16101,thanks bart,2
16102,,
16103,bart grades little term lisa way,13
16104,good kid lousy kid kids good,17
16105,kids homer,5
16106,maaarge dog count kid,8
16107,maggie,2
16108,oh yeah,2
16109,,
16110,paste spread construction paper ralph eating paste,17
16111,miss hoover,3
16112,good sprinkle sparkles paste lisa sprinkling sparkles,14
16113,shove,2
16114,,
16115,seen good student slide lisa rebelling,17
16116,whattaya got,2
16117,,
16118,goes lisa told hoover shove like way like fraid whooah like,26
16119,hey lisa man like impressed second grade hi good want smoke,24
16120,uh smoke class,6
16121,whoa,1
16122,,
16123,bart bang job know corridors school feel safe,26
16124,day new fight sir,7
16186,come bart pre fascist days knew giddy thrill futile rebellion,15
16125,bart school police state students afraid sneeze thank come,21
16126,,
16127,madre de dios legends true,7
16128,yes bart teacher confiscates ends salacious halter tops complete collections mad cracked occasional issue crazy fake plastic derriere,29
16129,,
16130,gratitude want help item choice,17
16131,riight,1
16132,ooo careful crossbow,8
16133,,2
16134,seymour absent slip signed nelson mother nelson english homework notice identical elongated loops d,24
16135,forgery leprosy,6
16136,,
16137,great day thought teach,14
16138,oh things changed mockery mr glasscock,14
16139,hey lewis watch,4
16140,ow bart,4
16141,let milhouse,3
16142,sure order price,8
16143,,
16144,let correct homework exercises lisa nineteenth century figure nicknamed old hickory,15
16145,know,4
16146,lisa bothered assignment know answer,13
16147,battle new orleans mean andrew jackson,9
16148,earning eighteen grand year,8
16149,stupid hoover thinks smart,6
16150,smart teacher edition,9
16151,,
16152,,
16219,yeah,1
16153,ladies gentlemen unthinkable happened sick twisted individual stolen teacher edition school,19
16154,,3
16155,declare snowday,3
16156,know multiplication table,6
16157,panic smell fear,8
16158,children know highly irregular rest uh day martin teaching class,21
16159,know begin,9
16160,brainiac,4
16161,told kids sixties,9
16162,got,7
16163,calm blue ocean calm blue ocean calm blue ocean calm blue ocean,12
16164,,
16165,leaving profession,5
16166,oh mr glasscock reconsider,6
16167,hunh uh,1
16168,bart police luck finding teachers editions,11
16169,,
16170,dogs picked scent books,9
16171,send battering ram,5
16172,,3
16173,going order book,8
16174,seymour bet steak dinner books search locker,21
16175,oh bart sure random locker searches permitted supreme court,14
16176,pfft supreme court lately,10
16177,let,2
16178,,
16179,hmm,1
16180,bah,1
16181,,
16182,,
16183,lisa,1
16184,right,5
16185,lis,6
16187,yeah limits looking expulsion,13
16188,know know,4
16189,books,2
16190,oh answers answers simpson saved school dollars monstrous crime,19
16191,,2
16192,,
16193,,
16194,blind retrospect signs pointed rogue hall monitor,15
16195,sorry betrayed trust principal sucker,8
16196,bart light recent service school decided lenient days detention,21
16197,days standing head,11
16198,right days,5
16199,oooh big man,3
16200,days,3
16201,maybe shut big mouth,7
16202,let simpson,3
16203,,
16204,bart blame,6
16205,want wreck life got brains talent far want right borrow money,34
16206,oh bart,2
16207,,
16208,soundin good lis,3
16209,need crummy job mr employer won lottery,12
16210,needs employees won lottery,9
16211,won lottery,5
16212,win lottery,7
16213,state lottery everybody wins actual odds winning eighty million,17
16214,,
16215,pfft lottery exploiter poor ignorant,9
16216,know heard jackpot thirty million dollars,14
16217,thirty million dollars,6
16222,yes yes lottery ticket thank knocking inventory come,16
16223,bart need lucky numbers fast old uh huh birthday kidding lisa birthday know sister birthday kind brother,35
16224,strap bullet proof vest sanjay time bank run,13
16225,right promise wo sleep wife,15
16226,promise,3
16227,,
16228,guess happened marge ready feeling win lottery,19
16229,,4
16230,know excited calm listen carefully money,13
16231,buy lottery ticket week girls hair salon play birthday excitement,25
16232,understand marge lottery ray hope unbearable life uh lottery,22
16233,homer tight budget promise wo carried away,14
16234,yes money mean honey ooooh comes news report lottery,14
16235,hey,4
16236,state suddenly grip lottery fever springfield exception,16
16237,,
16238,fact copy shirley jackson lottery checked springfield public library,18
16239,,
16240,course book contain hints win lottery chilling tale conformity gone mad,25
16241,,
16242,big winner state school system gets fully half profits lottery,19
16276,win money,13
16277,whoo hoo,1
16243,think buy money history books know korean war came math books base crap,30
16244,state art detention hall children held place magnets,16
16245,magnets magnets,5
16246,,
16247,sure life going win lottery,17
16248,homer odds eighty million,11
16249,correction eighty million gon na share money kids,21
16250,bank,5
16251,poor,5
16252,kids know spending money,7
16253,gon na homer,6
16254,hmm,1
16255,hey homer haircut,10
16256,look closer lenny,3
16257,oh know biggest man world covered gold,19
16258,fourteen carat gold,3
16259,,
16260,hike boss running things,8
16261,hail king homer,4
16262,,
16263,,
16264,drawing live hope got tickets got,18
16265,,
16266,start chief,5
16267,got wrong number,11
16268,,
16269,minute kids ticket outta mel,16
16270,,
16271,draw winning number,8
16272,,
16273,got tickets lose,8
16274,number seventeen,5
16278,second number,6
16279,receipts ugh,2
16280,yeah knew win,6
16281,tell rest secret seventeen rich,30
16282,final number,6
16283,thirty ohmigod won won,7
16284,recapping day story winner today state lottery kent brockman shot,23
16285,,3
16286,news uh tragic mix today cleveland people killed uh goodbye,15
16287,oh lost money got,14
16288,hey dog dead,4
16289,,
16290,grampa dead,4
16291,dad dog dead,10
16292,fair toy people emotions like,10
16293,dead shovel,7
16294,dead awfully sick,9
16295,oh sure old man rocker grampa says dead alive,17
16296,alive wagging tail,7
16297,mean dogs wag tails hours die tired conversation let talk going home,26
16298,,
16299,,
16300,clear ugh clear,3
16301,doctor gone,3
16302,job hate,9
16303,hey best,7
16304,love animals spend life saving thank parrots let wrong little fella,29
16305,afraid dog twisted stomach needs operation correct die,19
16389,,
16306,hmm cost,6
16307,seven dollars,5
16308,oh dear,2
16309,easy decision awful lot money,12
16310,guess talk,9
16311,talk talk,8
16312,going talk,7
16313,mr teeny needs refill nicotine gum,9
16314,,
16315,help notice leaving hospital dog going operation,17
16316,uh later want tell wonderful place world doggie heaven,18
16317,,
16318,doggie heaven mountains bones turn sniffing dog butt best dogs old yeller lassies,31
16319,doggie hell,5
16320,course heaven hell,13
16321,,3
16322,uh hitler dog dog nixon whassisname uh chester,11
16323,checkers,1
16324,yeah lassies mean mauled timmy,18
16325,hey wait minute santa little helper,14
16326,oh honey seven dollars lot money afford operation,17
16327,gon na let die,6
16328,know upset,5
16329,darn right upset,4
16330,bart watch language oh sorry,8
16331,going let dog die lousy dog killing sonsa,15
16332,okay new dog untwistable stomach,15
16333,oh come sorry afford marge stop,15
16484,thanks mom,2
16334,right right find way lousy manipulative dog,11
16335,,
16336,uh mr burns need borrow money,9
16337,,4
16338,know good man dog sick,14
16339,oh continue,3
16340,thought maybe,4
16341,oh thanks time,6
16342,makes man endanger job yes life asking money,17
16343,people like dogs mr burns,5
16344,nonsense dogs idiots think smithers came house started sniffing crotch slobbering face,30
16345,uh sir,6
16346,exactly fit tied dogs,8
16347,,
16348,,1
16349,,1
16350,going perform operation,9
16351,marge looks easy like carving turkey,11
16352,maybe right marge,4
16353,found way pay operation,10
16354,whattaya got marge insurance scam,5
16355,afraid going sacrifices homer going beer,25
16356,bart hair cut free springfield barber college,17
16357,problemo,2
16358,going buying weekly lottery ticket found way stretch food budget fried chicken night organ meat night ham night spam night porkchop night,38
16359,,
16360,chub night,5
16361,chub know,8
16362,lisa afraid stop getting volumes encyclopedia generica grocery store,18
16363,mom week volume copernicus elephantiasis,10
16364,sacrifices dear maggie baby clothes little longer,18
16365,marge figured alternative giving beer basically family traveling acrobats,19
16366,think thought,7
16367,,
16368,good news mr danielson saved gamecock afraid fight,15
16369,think fight win,9
16370,clamp wipe,4
16371,come light boy come light come good boy come come,20
16372,um simpson,2
16373,times like glad flunked dental school,12
16374,,
16375,lousy chub night hey come gets meat,12
16376,want eating snouts entrails,12
16377,mmm snouts,2
16378,yes kent brockman kind man leave year job won lottery hey journalist,30
16379,got money world thing buy,16
16380,,2
16381,dinosaur,2
16382,course benefited week big payoff state schools got share lottery officials present springfield elementary brand new eraser,32
16383,eraser oh government betraying nam served,19
16384,speaking lotteries winning numbers week thousand dollar jackpot,26
16385,oh numbers dog won,15
16386,,
16387,class tomorrow want write report copernicus,12
16388,,
16390,boozehound want cents singin,12
16391,buffalo gals wo come tonight come tonight come tonight oh buffalo gals,16
16392,old rummy,4
16393,dog got sick old rummy best customer,14
16394,dance light moonnnnnnnn,8
16395,pal,4
16396,quarter,2
16397,,
16398,okay,7
16399,mr laswell,6
16400,,
16401,know understand lousy dog hate,15
16402,,2
16403,reading rate biography copernicus found bus station,16
16404,dumb dog,2
16405,homie close gate,6
16406,yes,1
16407,oh mean tonight,4
16408,dog,5
16409,bart close gate,4
16410,lisa close gate,4
16411,close gate maggie,4
16412,boy,2
16413,,
16414,santa little helper,4
16415,fault called dumb dog,10
16416,oh gone coming wait horse,16
16417,,
16418,,
16419,found picture,6
16420,want public,9
16421,,
16422,recycling way giving mother earth great big hug,13
16423,yes sound like fun wait start pawing garbage like starving raccoon,20
16485,,
16424,release hounds neighbor got running shoes good thing,17
16425,wrong crippler,4
16426,getting sir late sixties,11
16427,ah yes forget day bagged hippie young man think groovy,21
16428,,
16429,looking attack dog likes sweet gamy tang human flesh,18
16430,fellow wiry fast firm proud buttocks reminds,13
16431,uh,3
16432,attack dog expected neutralize intruders,11
16433,wanna buy cookies wanna buy cookies,8
16434,real girl scout bothered,13
16435,know feel lost dog,14
16436,film turn vicious souless killer enjoy,14
16437,,
16438,poor santa little helper starting think,13
16439,dish leash took whiz rug,19
16440,homer hold passed reason cry remember doggie heaven,19
16441,oh marge place,7
16442,way,8
16443,giving care knock door bit town gon na find dog,24
16444,right watching tv,7
16445,,
16446,poke poke poke poke poke poke,6
16447,excellent,1
16448,,
16449,hello kent brockman,4
16450,um excuse sir lost dog,8
16486,tickets,3
16487,let guess look oinking,6
16451,hmm huh suppose want buy new know won lottery everybody wants piece kent brockman homeless hungry,34
16452,gee sorry mister,4
16453,sir llama bit ted kennedy,7
16454,good,1
16455,,
16456,uh hate interrupt longevity treatment sir sweet little boy door,19
16457,release hounds,3
16458,santa little helper aaaggghhh,6
16459,matter boy know buddy,11
16460,love ya boy,4
16461,,
16462,let pet,5
16463,petted minutes,7
16464,know want pet,8
16465,pet cat,5
16466,cat point,5
16467,,
16468,look dad spot,5
16469,,
16470,oh spot dear,5
16471,oooh good,5
16472,spot says compact,5
16473,marge suggested car size,7
16474,easy easy right,8
16475,uh getting lot sparks dad,10
16476,uh huh easy easy perfect right everybody window,11
16477,,
16478,ooh look great,5
16479,going,7
16480,ernest cuts cheese,4
16481,honey hit school bus,6
16482,look oinking look oinking,6
16483,agree kids pick movie dad pick movie meet lobby later hmm,29
16488,right,2
16489,sold,2
16490,,
16491,maybe little adult,9
16492,marge frisky little devil,6
16493,tickets stockholm affair,8
16494,ooh paper called taut political thriller,9
16495,political,1
16496,,
16497,mr president disturbing news cracks developing greco bolivian alliance,12
16498,jed kolick,4
16499,ah movie complicated hey floor sticky,9
16500,guy guy said guy,14
16501,oh submarine fake look strings ooh octopus,14
16502,,1
16503,,
16504,watch violence desensitized,12
16505,tell scary,8
16506,,2
16507,,
16508,think guy spy,6
16509,course spy saw spy school,14
16510,oh wait heard ends turns secret code nursery rhyme told daughter,22
16511,hey pretty obvious think,9
16512,oh shut homer wants hear think,12
16513,,
16514,homer makes feel better threw splattered homer,19
16515,forget mom dad mad tendons throbbing base neck,16
16516,stress collecting trouble spots making unhappy pappy,17
16517,,
16518,,
16519,homie coming inside,5
16520,marge carried certain quiet dignity tonight robbed going know,29
16521,guess executive stress ball got christmas working,13
16522,,
16523,mmm,1
16524,ew skunk,3
16525,oh,2
16526,,
16527,ooh redneck bar,4
16528,,
16529,hey let fight,4
16530,fightin words,3
16531,duff,2
16532,sell duff sell fudd,7
16533,okay fudd,3
16534,right right uh ladies gentlemen healed let big drunken welcome yodelin zeke,26
16535,yodel lay hee yodel lay hee yodel lay hee arrgh,5
16536,act singin waitress lurleen,10
16537,afraid drink service stop moments,15
16538,,3
16539,stupid marge tell shut,7
16540,thank tonight like try little different song wrote moppin dried blood teeth,26
16541,work day old sweat break,13
16542,yeah,1
16543,home queen wo cut,14
16544,true,2
16545,losin,11
16546,uh huh,1
16547,flipped pick truck right,11
16548,right pick truck,7
16583,oh went bar night,12
16584,wha wha wait minute went bar,9
16549,lot bull hand wife understand wife understand said understands,39
16550,hey hey lurleen got ta ya,9
16551,listenin,2
16552,song touched way felt way,17
16553,,
16554,stranger,5
16555,homer simpson,3
16556,lurleen lumpkin,4
16557,pretty,4
16558,oh think,4
16559,maybe sure forgot,7
16560,bye lurleen,2
16561,long homer simpson,5
16562,,
16563,,1
16564,night,5
16565,bar spittle county,10
16566,called worried,8
16567,marge let end feudin fussin,14
16568,,
16569,,
16570,work day old sweat break,14
16571,,
16572,,
16573,doctor supposed remove gall bladder,9
16574,,6
16575,,
16576,wife understand,8
16577,gheee homer singing ball,7
16578,yeah bowling eighty,6
16579,oh yeah kind world tonight,12
16580,,
16581,hey moe got fudd,6
16582,fudd thought took market hillbillies went blind,15
16585,moe miles outta town,8
16586,oh homer,2
16587,,
16588,,
16589,homer simpson,7
16590,lurleen song outta mind felt way funky town,17
16591,oh sweet,4
16592,think copy,10
16593,sorry darlin songs bastin turkey tears look dress mean sick lyin lips false teeth,33
16594,lurleen got ta crack open head scoop songs,12
16595,know,4
16596,come,3
16597,oh,1
16598,,
16599,said understands dooo,9
16600,listen brother owns radio station weevilville permission like cd,23
16601,homer quarter,8
16602,guess,3
16603,,
16604,k u d d seventy,6
16605,hey touch dial got kudd,11
16606,half hour beer house,9
16607,moe,4
16608,,1
16609,thought told stay away sister,11
16610,oh bucks copa,9
16611,payback time,3
16612,aww puts riot perspective,9
16613,,
16614,wonderful feel sweet country soul digitally encoded bit,13
16615,country music sucks precious air space away shock dj cruelty profanity amuse,22
16616,shut boy marge think,8
16617,nice woman,8
16618,right work cocktail waitress going country music superstar like uh jerk cowboy hat dead lady,29
16619,like hanging cocktail waitress,10
16620,marge sound seamy spend afternoon trailer watching try outfits,23
16621,,
16622,hi lurleen talking uh think come let ask wife,21
16623,,
16624,date,3
16625,,
16626,oh homer everybody callin mamma daddy triplets vonda mae piney jo owe,20
16627,thank lurleen thanking brain,10
16628,oh homer man nice know wantin return,18
16629,going ask glass water feel kinda guilty,20
16630,homer big sack sugar,8
16631,thanks sugar right,6
16632,uh huh homer want manager,10
16633,warn great figures,11
16634,okay,2
16635,lot stupid decisions,7
16636,perfect,2
16637,bad school,5
16638,,4
16639,personal hygiene described,7
16640,homer homer great manager thing need,13
16641,,
16642,,
16643,space age fabric developed especially elvis sweat actually cleans suit,17
16644,,
16645,marge look,4
16646,want mad,8
16647,sick waitress time spending country music thing,20
16648,uh maybe better look,9
16649,homer suit,7
16650,friend bought,6
16651,lurleen,3
16652,think lenny,6
16653,lie having affair woman,12
16654,,1
16655,kissed,4
16656,,1
16657,kissed,4
16658,coupla times,3
16659,want stop seeing,7
16660,manager,5
16661,manager ridiculous wo allow spend time away family,17
16662,marge standing way boyhood dream managing beautiful country singer,16
16663,boyhood dream eat world biggest hoagie county fair year remember,21
16664,marge lurleen gon na big success like going,19
16665,fine care,5
16666,,
16667,studio lot history buddy holly stood spot said way hell gon na record dump,30
16668,sure lurleen love,6
16669,homer man,9
16670,calm marge life savings going hock,17
16671,hey colonel homer,7
16672,mrs homer simpson,3
16673,charmed,1
16674,hmmm thought said overweight,8
16675,marge takes lie lie listen,13
16676,mean,4
16698,askin bunk tonight,8
16677,time answer questions uh time money come people,16
16678,boys let break hearts,7
16679,oh bases diamond coach called swingin missin average point double aught spit knocked dirt pointed right center time hittin home time love slide steal,71
16680,hey dad ham bone solo,8
16681,stop,2
16682,loving fly slumping found struck love play season turnin round finally bagged homer,52
16683,right finally bagged homer,8
16684,lurleen gon na cut getting kind grinding noise track,18
16685,bench,4
16686,,
16687,guess lurleen got gig tv,10
16688,oh homer smart handsome,9
16689,hey oh meant compliment want sing songs maybe new,26
16690,working heat things,13
16691,let hear,3
16692,trailer cold lyin awake muttering ask bunk bunk oh bunk askin bunk tonight,47
16693,oh hot man alive turned,17
16694,uh homer hidden message song missed listen bunk tonight,20
16695,uh huh,1
16696,bunk tonight,4
16697,right,1
16700,right homer,4
16701,uh got ta think,6
16702,,
16703,,
16704,money tied woman fails broke succeeds husband know root,27
16705,,2
16706,got ta homer,4
16707,later marge lurleen tv tonight got ta ready,10
16708,know lurleen judging greased pig contest maggie cut tooth,20
16709,great honey seen rattlesnake hatband,10
16710,listening,6
16711,sure,3
16712,kids come,6
16713,got wonderful family homer forget walk door tonight,17
16714,uh got ta,4
16715,hate man right got ta love suit,14
16716,hold pitch forks everybody time,10
16717,ya hooooooo,3
16718,starring alphabetical order yodelin zeke butterball jackson freddy boy yuma cloris mozelle big shirtless ron orville hurley cathy hip diddler rooney ya hoo recovering alcoholic jug band tonight syndicated tv debut lurleen,38
16719,oh bases,5
16720,excuse colonel homer simpson,7
16721,yes,3
16722,rebel yell records division togasaki corp interested buying lurleen contract,16
16723,forget pal colonel homer dumb ass army guy,15
16724,,
16725,lurleen loved,4
16726,thank little itchy fiberglass hay,13
16727,need,5
17141,sorry,2
16728,evening complete,7
16729,wrong,2
16730,romantic life flashing eyes,9
16731,gross,1
16732,thanks dinner,3
16733,,1
16734,dollar ba,8
16735,love rest life,9
16736,sorry lurleen wanted share beautiful voice people better lose family,32
16737,wonder gone way,15
16738,uh huh,1
16739,okay,1
16740,negotiate tell desperate unload lurleen offer,19
16741,bucks,5
16742,son sold,5
16743,,
16744,caught wife bed best friend,10
16745,bitter,2
16746,yeah bit,4
16747,lurleen,5
16748,homer,1
16749,room bed dad burn fool,11
16750,,3
16751,like play song wrote minute called stand manager tried kiss homer ran,34
16752,sure wish hope marge lucky,19
16753,,2
16754,turn rock n rock music,9
16755,hey stegosaurus man,6
16756,,
16757,talking dinosaurs real real families tv,12
16758,look maggie baby,7
16759,like saw lives right screen,13
16760,kids know excited meeting aunt selma new boyfriend tonight,14
16761,pfft,1
16762,think gets tell disturbing,17
16763,ewww,1
16764,ooooh,1
16765,bleuh,1
16766,aunt selma crazy obsession dying desperation joined prison pen pal program new sweetie jailbird,26
16767,cool teach kill man lunch tray,14
16768,ex convict paid debt society,11
16769,come good silverware,9
16770,,3
16771,remember understanding forgiving sake family unity,15
16772,like meet,7
16773,sideshow bob,2
16774,,2
16775,selma dear afraid children reaction understandable,10
16776,bart shamus short pants sent prison,15
16777,right aunt selma new boyfriend framed krusty clown armed robbery,15
16778,gee snot nosed little kid sent prison thing find lives tear new bellybutton,26
16779,lousy snitch,2
16780,,
16781,ahh mr simpson forgetting noble truths buddha,13
16782,,3
16783,yes existence suffering cause suffering desire case desire high quality children programming,24
16784,,
16785,prison end dream seething cauldron rage recrimination,17
16786,,
16841,fool aunt selma man scum,10
16842,mrs scum,5
16787,nominated best supporting performer children program daytime emmy awards bitterness ruined greatest night life,30
16788,nominees droopy drawers colonel coward pepito biggest cat wide world sideshow bob suck vacuum,23
16789,emmy goes believe sideshow bob,11
16790,,
16791,emmy win bantering jack box,12
16792,drop thing shower bob,9
16793,talent shill,2
16794,second banana,2
16795,panderer,1
16796,bore,1
16797,stop stop release,5
16798,highlight evening best film video transfer,10
16799,know prison like life long conservative republican crowded cell little beasts,22
16800,chapstick,4
16801,oh,6
16802,want,4
16803,joy came plotting horrible revenge boy,16
16804,,
16805,aye carumba,1
16806,bart wanted kill choked like chicken soon walked door,22
16807,,
16808,kind guest,11
16809,ah yes lowest ebb,9
16810,,
16811,emmy,5
16812,hey know rules awards excellence entertainment contraband emmys oscars golden globe,21
16813,kismet kind cruel received answer letter prison pen pal program,22
16870,white,1
17142,knock,3
16814,dear number need man find law abiding steady job lucrative hobby filing nuisance law suits share apartment twin sister enclosed photo tandem bike forget,52
16815,,
16816,dear selma latest letter set riot maximum security wing heart,17
16817,,
16818,,
16819,like lone crocus pokes prison yard love bloomed despite obstacles,16
16820,selma,3
16821,uh uh uh cheek,4
16822,inspired love good woman resolved best darned inmate number,21
16823,,
16824,bade farewell cellmates left woman loved,13
16825,cutter ice pick snake going miss,12
16826,,
16827,beautiful story sideshow bob living proof revolving door prison system works,16
16828,selma seen happy giggling like schoolgirl,11
16829,,
16830,got admit selma lifetime catch,13
16831,yes hope police saying,10
16832,believe guys man framed krusty clown,11
16833,bart,1
16834,like thank catching bart seized wheel slow boat hell pointed straight sunny shores selma,33
16835,hear hear,2
16836,selma mind bold shocking family,16
16837,right tongues,5
16838,kissing like kissing divine ashtray mind,17
16839,selma marry,5
16840,,
16948,suppose,3
16843,know stand line think time spend evening,19
16844,someplace dance know chance wo leavin,19
16845,drop quiet little place drink,15
16846,spoil sayin stupid like love,16
16847,ahhh ahhh hmmmm pumice corns,10
16848,avec plaisir,2
16849,g q seven,4
16850,close drive safely find true love,10
16851,return seventh annual krusty clown telethon motion sickness,14
16852,tiffany woo hoo love people love kids poor little guys,14
16853,tragic nauseous bus came studio oh yeah man needs introduction chairman company know talking goombah,44
16854,krusteleh old friend backstage wants hello,11
16855,huh whuh,2
16856,come,3
16857,oh oh oh old clown,7
16858,oh missed ya,4
16859,guy national treasure,6
16860,jerk got replace fit hold slide whistle,15
16861,,
16862,,6
16863,,
16864,krusty forgive framing putting jail,14
16865,hey open books telethon right,15
16866,sideshow bob good showbiz phony,8
16867,come bart krusty find heart forgive surely,18
16868,oh krusty tell missed,11
16869,wedding dress sure,12
16871,white like appetizers,8
16872,oooh appetizers,2
16873,homer trencherman serve,12
16874,wrong cocktail weenies taste good look come delicious red sauce looks like catsup tastes like ketchup brother ai ketchup,37
16875,selma makes good case,7
16876,want tastes like styrofoam,11
16877,selma dear confused,5
16878,kid playing bottle rockets shot straight nose permanently lost sense taste smell,28
16879,okay got cocktail wienies swedish meatballs,8
16880,selma wedding spinning control afford run dollars gave left prison,29
16881,hey relax told ya got money bought stock mace company society crumbled,19
16882,selma wonderful hope people think marrying money instead tangible qualities,21
16883,,
16884,tomorrow mr mrs bob terwilliger grand,11
16885,hey bob honey way,9
16886,holy frijoles got minutes till macgyver driver fin home spare whip,20
16887,mum,4
16888,,
16889,miss,4
16890,macgyver wearing tank,6
16891,dang,1
16892,selma thought man life,12
16893,sit shut,5
16894,thank señor macgyver saved village,8
16895,thank thank moon gravitational pull,8
16896,macgyver genius,4
16949,ah sweet,3
16897,genius actor second actor,18
16898,lying lying,4
16899,selma lying plotted piece non claptrap want retch,19
16900,,
16901,cruel things said true,12
16902,,2
16903,oh guess wedding fiddle dee dee tomorrow day,13
16904,bart stop,3
16905,right package love love macgyver guess wedding,15
16906,selma know,7
16907,tell like macgyver,6
16908,car chase tacked,15
16909,oh knock hate programs marge likes big deal know,22
16910,marge puts nonviolent programs walk bar stumble home mood love,31
16911,selma watch macgyver vigorous constitutional return love,21
16912,oh bob,2
16913,bart like bad medicine,5
16914,,
16915,flower girl falling,13
16916,hey chose maggie okay,5
16917,yeah want cutesiness instead competence fine,13
16918,bob selma hold sickness health til death,20
16919,,2
16920,,
16921,,
16922,hey wiener boy think going,9
16923,single girl left family,9
16924,guess worse,7
17207,shuddup,1
16925,oooh krusty clown krusty krusty funny,10
16926,uh gee joke hmmm yeah funny okay guy walks bar takes tiny piano inch pianist oh wait tell oh oh,36
16927,dear friends years ago god took pounds clay woman thank,27
16928,wanted advice new husband decided smoking,18
16929,meals macgyver,7
16930,selma dear bury,7
16931,chief wiggum trust sideshow bob,12
16932,ahh lighten son going commit crime invited cop town gun oh yeah set got piece cake,42
16933,know,6
16934,tell know want hear,10
16935,dying jealousy,4
16936,thank,2
16937,,
16938,right dear enjoy rest wedding tough honeymoon going murder,21
16939,,
16940,welcome video honeymoon video camera cousin dot gave video cassette homer gave,21
16941,,
16942,hey watch tape,11
16943,shelbyville falls rolling rock breathtaking sight brand new hubby,15
16944,wanted room fireplace brainless luggage monkey like brochure,17
16945,oh selma dear chatting good friend dennis smile camera good lad,21
16946,ah fire scourge prometheus toaster marshmallows eradicator deadwood oh selma dear little camera shut,30
16947,love,3
16950,sideshow bob nuts fireplace,10
16951,wants honeymoon romantic,8
16952,romantic aunt selma,4
16953,guess young understand,8
16954,,
16955,fillings fell,6
16956,murder ugly,6
16957,bob mind rubbing feet,7
16958,darling sound like chore,8
16959,hmm uh good,3
16960,soon kill,5
16961,huh,1
16962,son pied sentis beau french foot smells lovely,10
16963,ohhh,1
16964,prepare murdered,4
16965,huh,1
16966,pah de mudu sanskrit toes like perfume voy matar usted,18
16967,whaa,1
16968,spanish going kill,8
16969,,2
16970,dear believe time beloved macgyver,11
16971,oh hey right,4
16972,,
16973,time walk,5
16974,,
16975,forget die,4
16976,,
16977,ding dong feeling kind lonely selma mind watch tv,17
16978,ahead patty,3
16979,tonight macgyver,3
16980,aunt selma hour live,7
16981,hey,4
16982,,
16983,good bye,2
16984,desk terrible accident room,10
16985,poor selma having lovely evening went spoiled stupid like explode,24
16986,sideshow bob afraid victims good people best western hotels,16
16987,bart,1
16988,selma,1
16989,ughhh,1
16990,tried kill want separation,9
16991,best laid plans gang aglay,7
16992,chief wiggum think room jail time loser,13
16993,frankly stopped,9
16994,bart know untangle web,10
16995,yeah bart fill,5
16996,hate tell number cop town job,16
16997,way learn,9
16998,right sideshow bob desperate fireplace hit gas,20
16999,surely noticed gas leak aunt selma,12
17000,permanently lost sense taste smell,9
17001,happily watched macgyver unaware room silently filling natural gas needed explode single spark cigarette,28
17002,decided smoking meals macgyver,13
17003,,
17004,hope plucky young boy slow witted father,12
17005,dad aunt selma lights cigarette end macgyver blown kingdom come,19
17006,come,2
17007,trying times explain homer explained mom way,20
17008,simpson mobile,4
17009,,
17010,noooo,1
17011,wait saved selma room explode,11
17012,field boys celebrating job threw match vicinity crime scene,27
17013,,
17014,oh right gas,4
17015,democrats white house forever streets criminal buddies,29
17016,feel like fool,6
17017,fooled little boy lost mistrust,16
17018,thanks mom let gas filled hallway suffocate,14
17019,,
17020,hey homer let book want time whip eggs warm act,18
17021,wow concert going jacket fits hide beer,17
17022,billy beer,2
17023,little guy rock concert hope spinal taps play loud,15
17024,oh marge went thousands heavy metal concerts hurt,15
17025,hmmm right sure pick band attitudes women liquor religion politics,23
17026,hear ya come boy,6
17027,goes davy crocket bald skin cap,9
17028,,
17029,,
17030,spinal tap news mayor quimby honored aging super group ceremony city hall,18
17031,guess trying tap spines young voters huh,18
17032,yeah let play tape,5
17033,hey milhouse cool jacket,4
17034,cost bazooka joe comics,7
17035,,
17036,meet,9
17037,thanks dad sure gon na bored,8
17038,boy best times seat car,17
17039,,
17040,,
17041,oh baby,2
17042,official tour t shirts thirty dollars,6
17075,uh yeah wanna lie boys days week place hockey rink,19
17043,check spinal tap kicking mo mar kadaffy butt timeless classic dollar,19
17044,,
17045,hey hey hey bill marty,7
17046,backstage rappin tap,7
17047,fellows gon na hit phrase dogged career washed,16
17048,concert acts today secret guys,18
17049,berlin wall fell records started selling dismal iron curtain naturally gave boost,25
17050,big bulgaria wassisname garia,10
17051,hungaria,1
17052,yeah,2
17053,think benefited death communism,15
17054,oh maybe people actually live communist countries,11
17055,oh yeah thought bet right,10
17056,yeah hand bought soccer team hungarias eh,21
17057,test test,2
17058,gee sorry man,4
17059,huh,1
17060,frisbee,3
17061,frisbee,1
17062,guys wonder mind recording couple promos,14
17063,like,3
17064,maybe rocks like bill marty kbbl,12
17065,know,7
17066,somebody rocks good,8
17067,better mean want look stupid,10
17068,okay respect,5
17069,rock doodle listening bill marty,9
17070,yeah sure,2
17071,good yeah,3
17072,,
17073,tap tap tap tap tap tap,6
17074,looked puddles water freakin stage,14
17137,said slag,4
17076,yeah rock concert bleedin splish splash,13
17077,,
17078,ladies gentlemen boys girls duff beer association laramie cigarettes proud welcome spinal tap,19
17079,children grew fast,8
17080,dust future past,8
17081,raise voices crying heaven,10
17082,voices break like wind,13
17083,medium setting,2
17084,,
17085,,
17086,thank,2
17087,riiiight morning driving route,10
17088,miles house,7
17089,thought knew rock shelbyville,10
17090,rocks like springfield,4
17091,silly twit big oxygen pump supposed devil,21
17092,filled air evil impressive,9
17093,salute half inflated dark lord,7
17094,people think members spinal tap wrong,14
17095,turn house lights cue turn house lights tell audience sixth member freakin group,32
17096,trying tiny thrill gray little lives oh forget turn lasers,20
17097,aagh vision,3
17098,,4
17099,goodnight springton encores,7
17100,minutes,7
17101,gyp,3
17102,gnarly man,3
17103,wanna trash stage,4
17104,okay,1
17105,,
17138,cool,1
17139,,
17140,knock,3
17106,little spanish flea record star thought heard singers like beatles chipmunks seen tv little spanish flea hid inside dog,38
17107,,
17108,,
17109,tonight city weeps time hockey arena scene violence concert spinal tap,24
17110,hmmm hope poor little baby okay,8
17111,,3
17112,,
17113,course wrong suggest sort mayhem began rock roll riots premiere mozart magic flute answer ban music reporter opinion answer sadly yes,47
17114,hi mom,2
17115,oh oh thank god,4
17116,mom want rock star,8
17117,discuss later milhouse okay,7
17118,right,4
17119,,
17120,help help,2
17121,,
17122,homer thinking bart said interested musician maybe buy guitar,23
17123,waste money guitar,11
17124,meant real guitar,5
17125,real,3
17126,wow,1
17127,came free instruction book,8
17128,boy spent lot money better real good real fast pow,18
17129,homer,1
17130,hey thought supposed encourage,9
17131,like play latest chart topper called fans stupid pigs,14
17132,,
17133,,
17134,bart got,6
17135,slag,2
17136,changed man music,10
17143,jammin,5
17144,,
17145,hey simpson trying play,8
17146,polly wolly doodle,3
17147,oh yeah sounds polly wolly crappy haw haw burn,11
17148,hey cherry axe bart dude,4
17149,think broken,4
17150,oh,5
17151,know played guitar otto man,8
17152,hey high school old man said wasting time,23
17153,like slow things little bit,10
17154,leave tomorrow remember,10
17155,,
17156,chaeaeaeange waowaowaowaow,3
17157,sure receive severe wedgie bus mates remind school minutes ago,26
17158,whoooa,1
17159,uh oh better fasten seatbelts little dudes,8
17160,seatbelts,4
17161,huh try limp,8
17162,better shortcut,4
17163,,
17164,,
17165,,
17166,good night,4
17167,yeah good,3
17168,,
17169,,
17170,good lord license number,8
17171,,
17172,,
17173,oh miracle hurt,8
17174,stand record crashes single fatality,12
17175,let license pal,5
17176,got need proof identity wrote underwear,21
17177,oh wait,5
17208,,
17178,tears license wear underwear mister suspended pay,20
17179,gon na drive bus,5
17180,drove terrain vehicle da nang think handle,14
17181,,
17182,otto,2
17183,otto palindrome wo hearing awhile,10
17184,,
17185,,3
17186,hail bus driver bus driver bus driver hail bus driver bus driver man,17
17187,drinks cusses stinks busses hail bus driver bus driver man ha ha,19
17188,dum de dum opening late nope nope cutting little close,17
17189,think aggressive sir,9
17190,nonsense good citizens slow wave,13
17191,,
17192,,
17193,funny,3
17194,thinking time homer got nose caught toaster,15
17195,watch tape tonight oh look got window,13
17196,dododo,4
17197,patty testing good use green pen bad use red pen questions,27
17198,yeah chick mean want offend born man tell open minded,30
17199,wo needing,5
17200,,
17201,right yeah,7
17202,failed segment misspelled bus application,11
17203,drag,1
17204,,
17205,let let,6
17206,steps clutch toilet goes flush hail,13
17209,hey landlord clown changed locks padlocked door eviction notice,16
17210,yeah,4
17211,,4
17212,paid rent,6
17213,stuff,8
17214,found jar mustard couple old cycle magazines,17
17215,wow mustard,4
17216,,
17217,rough day apu pump squishee spare syrup,12
17218,like try experimental flavor concoction delicious chutney squishee,15
17219,uh okay,2
17220,taste chutney,6
17221,uggh,1
17222,ow,1
17223,otto man,1
17224,living dumpster,5
17225,oh man wish dumpster brand trash bins line trash co waste disposal unit,21
17226,otto come home stay garage,14
17227,garage oh somebody likes,8
17228,,
17229,,
17230,,
17231,feel like rockin think rock rock rock til fill yeah,22
17232,ooh hey,2
17233,bart going,4
17234,mom thought forget little conversation afternoon took precaution recording,19
17235,conversation,2
17236,mom otto live garage long wants sure,16
17237,marge thinking,5
17238,voice,4
17239,oh everybody says hear tape,10
17240,,
17241,understand stay parents,11
17242,admiral let stay got,18
17243,forget line work dad gon na work,16
17244,dad otto going real tough time stay awhile,15
17245,know ask homer bible whatsoever brothers unto,27
17246,yes bible thou shalt moochers thy hut,15
17247,dad let otto stay help house chip bucks,21
17248,right stay treat like garbage,13
17249,wow catch,4
17250,,
17251,corn costs seven cents,7
17252,sure corn,9
17253,otto sit watching tv day,10
17254,know right little reading got waldo books,18
17255,,1
17256,written vampire point view,10
17257,,1
17258,guys send naked pictures chicks,13
17259,otto think job,8
17260,look thing good driving bus man says need piece paper,27
17261,piece paper,6
17262,tried oh lord try,9
17263,,
17264,knock hear think,10
17266,better hey come play guitar anymore,11
17267,tell truth dad good right away quit hope mad,21
17297,otto coolest adult met,12
17334,uh huh,1
17268,son come heh heh heh course mad hard worth stick guitar closet short wave radio karate outfit unicycle inside watch tv,48
17269,,2
17270,matter,3
17271,,
17272,open open got ta fooling,10
17273,hey pop supposed giggle,7
17274,,
17275,,
17276,,
17277,guy got ta,5
17278,know feel good kids,12
17279,lady drove faster strange car kept banging,15
17280,,
17281,finally swerves road woods lost car realized man car trying hurt trying warn ax wielding maniac hiding seat,47
17282,maniac kill,5
17283,natch know know,7
17284,,1
17285,maniac,5
17286,hey hey kidding,6
17287,outta,5
17288,homer family got,8
17289,care happy days fonz,14
17290,heyyy mr s,3
17291,listen drain clogging cookie eating collect getting sponge want house,16
17292,heavy,1
17293,going otto,7
17294,oh worry plenty money guy knows fake death,20
17295,maybe driving test,13
17296,oh pass thing got zero time time hung,17
17298,wow called adult tried,17
17299,,
17300,alcohol increases ability drive false oh man,9
17301,,
17302,know bart dude dad right bum,15
17303,bum called sponge,11
17304,sponge,1
17305,look like sponge sponge,15
17306,wee willy washout,7
17307,want test,7
17308,,1
17309,staple license homer simpson big bald head,12
17310,written test,6
17311,started b c d,9
17312,,
17313,homer piece food face days,12
17314,,
17315,little chicken wing,9
17316,wing,1
17317,,3
17318,matter let margaritas buyin,9
17319,,
17320,otto,1
17321,driver license says,6
17322,hail bus driver bus driver bus driver,9
17323,yes hail bus driver bus driver man,9
17324,,
17325,little,3
17326,,2
17327,,
17328,,
17329,,
17330,hey bart look dad took circus values night said wanted,23
17331,cool oversized novelty billiard ball,6
17332,yeah shake tells future,10
17335,pass english test,6
17336,outlook good wow work,8
17337,let try beat today signs point yes,14
17338,ball knows,4
17339,hey got good milhouse friends till toothless old men hair coming ears reading ball surprised count milhouse friends high school dropouts living uncle sucker looks doubtful milhouse friends end day,61
17340,come bestest buddies like,9
17341,,
17342,samantha suspicious transfer students principals try unload problem cases way lord knows,21
17343,good student principal skinner,6
17344,yeah sure told big parade got nam instead spat feel searing let permanent record shall,42
17345,hmm detention fairly good attendance record oh beat bed wetting problem second grade,20
17346,,3
17347,worry forget like forgot tiger cage eighteen agonizing months night wake screaming let meet classmates,29
17348,hey bart thing right test,9
17349,doubt power magic ball behold f,15
17350,attention class new student,9
17351,great student packing seymour,9
17352,think discuss later edna easy come new school let feel right home big elementary school hello samantha stinky,36
17353,stanky,1
17354,oh right embarrassing goodbye,8
17355,sure little scary dear,10
17356,uh huh,1
17357,stand class tell grading grammar poise,24
17358,moved phoenix dad owns home security company came springfield high crime rate lackluster police force friends phoenix town weird smell probably,51
17359,weeks dear,7
17360,hey milhouse like wet willie,8
17361,sure,1
17362,eew,1
17363,victim number hey lewis interest wet willie,13
17364,sure,1
17365,,
17366,find hit ball gon na tear new,16
17367,wuh,1
17368,class order explain hormones soon easy target smooth talking lothario car tight jeans short sex education film,36
17369,ezekiel ismail accordance parents wishes step hall pray souls,21
17372,,
17373,bo ring,1
17376,eew,1
17377,faking,3
17381,questions,2
17382,mrs krabappel come live mr krabappel,10
17383,mr krabappel chased small fluffy rabbit hole,12
17384,know fall love,9
17385,oh worry fall love marry fear dying,20
17386,creating half man half monkey type creature,11
17387,sorry playing god,7
17388,god shmod want monkey man,6
17389,,
17390,ah nice dress,5
17391,dad makes wear hate,9
17392,hate uh walk home,12
17393,okay,1
17394,,
17395,everybody shoving kiddin shove want,13
17396,hey wait otto man leave milhouse,10
17397,sorry bart dude time girlfriend dancing topless airport bar,18
17398,,
17399,hey bart,2
17400,milhouse pleasant surprise,5
17401,hi,1
17402,hey skirt,5
17403,brought friends treehouse,7
17404,yeah girl want strut nude,13
17405,maybe,4
17458,long stomach lot great memories,10
17459,,
17406,okay stay read comics let lady ah radioactive man swamp hag,24
17407,got girl comics like bonnie craine girl attorney punkin duncan twinkle twins kneesocks,17
17408,sister got wide selection crappy comics,11
17409,guys wanna gross,6
17410,,
17411,tonight smartline okay fat host kent brockman,14
17412,good evening know thirty million american adults obese taken excess blubber fill grand canyon fifths way sound impressive mind big canyon,42
17413,,
17414,sucks channel changer,7
17415,oh eh chance,7
17416,americans grown image jolly fat man dom deluise alfred hitchcock course santa claus real life santa suffering gallstones hypertension impotence diabetes,35
17417,wish invented fried cheese,8
17418,got widen hole,6
17419,snappy chain startin,9
17420,eighteen ounces sizzling ground beef soak rich creamery butter bacon ham fried egg good morning burger,34
17421,,
17422,got ta help,4
17423,,
17424,,
17425,okay milhouse trade carl yastrzemski baseball card omar vizquel,13
17426,deal trading block mickey mantle mint condition picture homer couch,22
17427,milhouse got ta,4
17428,dad thinks having braces examined,8
17429,kinda sorta,4
17460,,
17430,milhouse living age cooties believe risk running great kissing,21
17431,bart kissing lot waitin kiss know like open eskimo pie wait little bit melt,34
17432,melt,4
17433,oh yes,4
17434,start pure milk chocolate,6
17435,chocolate,1
17436,add layer farm fresh honey,6
17437,ooh sweet,2
17438,sprinkle kinds sugar,8
17439,dip rich creamery butter,7
17440,dad told lose weight dieting lifting finger,16
17441,lying scumbag sweetie,8
17442,according eternity magazine lose weight subliminal learning idea subtly implanted head knowing,26
17443,oh lisa load rich creamery butter,9
17444,send tapes listen sleep hear new age music powerful message goes brain telling eat,27
17445,lose weight listen new age music wow think marge,13
17446,oh homer love way lisa number,14
17447,,
17448,operator like place order husband,10
17449,like lose weight stop smoking learn state capitals master hostage negotiations,15
17450,hmmm hostage negotiations,3
17451,listen tabouli ignoring demands,14
17452,better weight loss tape,7
17453,,
17454,subliminally slim,5
17455,eh send vocabulary builder,7
17456,fatso,4
17457,,
17462,hello doctor marvin monroe let build vocabulary abattoir slaughterhouse cow slaughtered abattoir,20
17463,,
17464,homer weight loss tape reduced appetite,8
17465,lamentably gastronomic rapacity knows satiety,8
17466,usually play milhouse school,8
17467,girlfriend,4
17468,milhouse,1
17469,yeah kiss,6
17470,cute open mouths,9
17471,,1
17472,cute,2
17473,,
17474,,
17475,hey martin,2
17476,bart time sat successfully lobbied school day extended minutes,26
17477,listen martin right looking friend wo leave girl,16
17478,unpopular ladies chaps,15
17479,yeah right want school,11
17480,date bart like announce friends,15
17481,,
17482,bart care listen play lute,12
17483,uh sure,2
17484,come home bonnie warrior nets fish,14
17485,,
17486,know tape working ate desserts tonight,13
17487,forbearance watchword triumvirate twinkies merely overwhelmed resolve,12
17488,thing wanting talk,11
17489,tut tut gentle marge boudoir gourmand metamorphasizes voluptuary,15
17490,god talking,8
17491,oh,1
17492,,
17494,hey guys,2
17495,wow took mind awful transforming space mutants,12
17496,good,1
17497,man sure snack,8
17498,,2
17499,,
17500,hey got idea spit principal car,17
17501,listen bart thing spendin time,12
17502,oh fine tired watching lip wrestle plenty ways grossed town,22
17503,bart wait,2
17504,yeah,1
17505,uh use tree house,8
17506,bent,3
17507,father catches kill,9
17508,right milhouse use tree house,9
17509,thanks bart,2
17510,samantha milhouse sitting tree lose pri va cy,12
17511,,
17512,machiavellian countenance,5
17513,ooh sextet ale,4
17514,hello mr stanky shocking news daughter samantha let concerned prude lot time hands,30
17515,,
17516,bet peanut butter breakfast,8
17517,yeah,1
17518,samantha,1
17519,dad,1
17520,nooooooooooo,1
17521,samantha little girl imagination runs away tell happened,19
17522,milhouse,5
17523,putting girls school going boy,18
17524,milhouse,1
17525,samantha,1
17526,milhouse tis better loved lost yada yada yada let arcade,17
17583,nah,1
17527,happen started like romeo juliet ended tragedy,17
17528,,
17529,haruspicy predicting future study animal entrails,10
17530,dad dad know today,8
17531,vernal equinox,3
17532,weeks got subliminal weight loss tape let scale,18
17533,gained thirteen pounds,4
17534,disingenuous mountebanks subliminal chicanery pox,10
17535,,
17536,stands broken man,5
17537,recess heart,7
17538,,
17539,hey bart according magazine million years man extra finger,16
17540,fingers ew freak listen lis need advice mom,15
17541,dad,6
17542,understand hell saying lisa feel terrible ratted best friend know,30
17543,according eternity magazine feeling guilt linked neutrotransmitter gammaphenamine dow chemical developing minty gel eliminate excess guilt unfortunately wo market months guess gon na bite bullet confess milhouse,54
17544,,
17545,bart glad milhouse use friend like,12
17546,yeah,1
17547,,
17548,milhouse,1
17549,bart want cry,9
17550,oh come seen cry million times cry scrape knee cry chocolate milk cry long division remainder left,39
17551,want cry time,11
17584,,
17552,listen milhouse got confession narked kissing,16
17553,,1
17554,milhouse bed beans,9
17555,whoa miracle,4
17556,boy bet ball comin,10
17557,yeah,1
17558,,
17559,marge metal dealie use dig food,10
17560,mean spoon,4
17561,yuh yuh yuh,3
17562,yeah good,3
17563,,
17564,sure want,8
17565,stop thinking gates remind braces,14
17566,going find,7
17567,said wearing plaid jumper,8
17568,milhouse,1
17569,samantha went circus values buy gallon tub gummy bears,17
17570,hey samantha sorry gettin thrown penguin house,12
17571,right bart love saint sebastian run group french canadian nuns nice let,26
17572,dominique nique nique etc,6
17573,samantha ne pas de boys,5
17574,milhouse,6
17575,better rosaries kiss,8
17576,oh okay,2
17577,oh heck,4
17578,bart think find like,10
17579,asking wrong guy milhouse look alike let whip donuts old people,20
17580,,
17581,forgot physical today huh,7
17582,yeah hey homer borrow underwear,8
17586,right man body fat,10
17587,hey eating tank,6
17588,hell,3
17589,,
17590,day work dear,7
17591,oh usual stand open pull bend spread apart turn head way cough,24
17592,,
17593,sir afraid homer simpson sterile,7
17594,,1
17595,cabbage heads sector look sperm sample recent physical,19
17596,ewww,1
17597,compare normal sperm sample,8
17598,hm oh yes,3
17599,afraid radiation plant reason shooting blanks sue millions,18
17600,mother pearl lawyers,6
17601,,
17602,,
17603,begin let thing clear want legal advice pay vipers live personal injury live divorces live pain misery rambling anybody want coffee,49
17604,coffee,4
17605,want black black like heart hard listen hate sorry problem deal continue,35
17606,offer mr simpson token sum couple thou dazzled sign shove nose,26
17607,oh brilliant cash settlement figured button maggot,14
17608,cream,5
17609,oh yes course manners,8
17610,,
17611,yeah rich owned mickey mouse massage parlors disney sleezeballs shut said look change logo mickey pants guys reason,38
17612,successful car company strategy givin japanese names guys drive tempura hatchback,23
17613,yeah life sweet found long lost brother,15
17614,,
17615,homer,1
17616,herb,1
17617,let design car break company,13
17618,,
17619,presenting homer,3
17620,ruined,2
17621,forbes magazine called blunder century little overblown think new coke,19
17622,hey invented,4
17623,yeah past america america finished long got brain head man needs idea,36
17624,lit,3
17625,,2
17626,,
17627,event living room olympics controversial couch vault stain master carpets proud sponsor living room olympics,28
17628,hell,6
17629,oh couch arms seat dream right,16
17630,sitting couch quietly chatting heard creaking noise,15
17631,leapt time collapse,10
17632,safe little sister,7
17633,happen primetime tv brightest stars come shine,18
17634,oh goodbye old girl lot great memories,11
17635,right shot,5
17636,,
17637,huge gaps western states hands america complete success,15
17638,hands america,3
17639,thought dancing berlin wall lithe lively lovers liberation,20
17640,boring,1
17641,sorry ruined date sergeant carter,7
17642,pyle,1
17643,friend going came curb flanders house,16
17644,,
17645,let need idea idea idea matter hundreds ideas,20
17646,want changed diaper hungry cold want home,21
17647,lady gave idea lifetime thank,15
17648,hurt,4
17649,consider,3
17650,,
17651,hey pal heard couch,7
17652,yeah gon na okay,6
17653,yeah know life worse,10
17654,right way life possibly worse,12
17655,simpson report mr burns office,8
17656,,
17657,,
17658,lazy sperm,8
17659,hmmm hmmm,2
17660,ah simpson big virile son gun like check thousand dollars,16
17661,,2
17662,sign form,9
17663,wait minute signing read somebody gives gist,19
17664,right explains won yes won annual uh montgomery burns uh award outstanding achievement th th field uh excellence,35
17665,kind trophy big award ceremony,12
17666,,
17667,annual montgomery award annual montgomery burns award singers singing outstanding achievement singers springfield civic center outstanding achievement achievement singers singing field singers springfield civic center field field singing excellence,true
17734,herb,1
17671,yess bonita de wolf springfield nuclear plant soft shoe society,14
17672,award biggest farce saw,9
17673,emmys,4
17674,stand corrected,3
17675,present award heavyweight champion smokin joe frazier,13
17676,,
17677,webster dictionary defines excellence quality condition excellent winner annual montgomery burns award outstanding achievement field excellence,31
17678,,5
17679,dad know won,5
17680,jinx,3
17681,winner homer simpson,4
17682,oh god woo hoo win,7
17683,,
17684,pickled eggs comin moe,6
17685,cleaned smokin joe matter homer cummerbund tight,13
17686,miss couch,4
17687,know feel lost couch lost heavyweight championship,14
17688,pfft heavyweight championship like couch kind,15
17689,homer know things tough day walking piece furniture love,28
17690,hey frazier shut,4
17691,barney riding night,8
17692,oh yeah care step outside,6
17693,let,3
17694,think gon na walk,7
17695,,
17696,right peanut,4
17697,,
17698,telling man needs idea got idea,15
17699,come bum,7
17700,right man needs things idea money ground hello,20
17701,local man homer simpson receives award check hmmm guys know freight goes springfield,20
17702,uh uh nope nope,6
17703,,
17704,,
17705,feel couchless,8
17706,wow spine melter,5
17707,,
17708,power,4
17709,sir,2
17710,dammit said power,5
17711,dad dad,2
17712,,3
17713,chair buy living room set,14
17714,marge spot inside tried fill family religion community service dead ends think chair answer,32
17715,money blessing spend creature comfort,14
17716,right wo chair excuse kiss sky,15
17717,,
17718,yes,1
17719,oh uh sorry wrong house,9
17720,ho ho wrong friend,7
17721,luck today tithe day got transient come friend let feed bathe,24
17722,hey wait minute,4
17723,dad anoint sores feet,9
17724,think mom turn son,6
17725,ah fair,3
17726,,
17727,thanks suit,4
17728,want spend night maude sleep card tables,17
17729,onward christian soldiers,3
17730,marching war etc,5
17731,,
17732,singing lousy neighbors wish deaf,9
17733,gon na guy ruined hand family conflicting emotions express,27
17735,unky herb,2
17736,bart lisa glad,8
17737,glad,7
17738,sorry homer mad word makes want punch face,23
17739,guest home kick butt,16
17740,try making promises,8
17741,herb,5
17742,living cardboard box sleeping grates eatin dumpsters,15
17743,complain,2
17744,herb let grand tour light switches functions mode,25
17745,,4
17746,homer knows work light switch,9
17747,oh yeah right know switch,10
17748,,
17749,,
17750,great marge,5
17751,got recipe utility grade beef counsel,10
17752,good work,4
17753,unky herb advice boy likely bum like,19
17754,discarded pizza boxes inexpensive source cheese,9
17755,lisa happy,7
17756,write unky herb,6
17757,hey wrote supposed dear lisa night rat pillow thanks pop,27
17758,point,4
17759,driving near far powell makes pow pow powerful car,11
17760,maggie gon na let little secret gon na rich yes oo yes oo,20
17761,ventnor avenue,5
17762,ventnor avenue staying fabulous hotel lisa valet shortly park thimble course unpleasant matter bill,33
17763,point,4
17764,bones,5
17765,got,4
17766,broke eh herb like real life guess businessman,18
17767,,
17768,maybe play game,6
17769,playin games got grand bank remember dad won annual montgomery burns award outstanding achievement field excellence,31
17770,think invest set great books western civilization look ad new republic kids month new classic delivered door paradise regained martin chuzzlewit herman melville twin classics omoo typee,48
17771,wait marge want spend money vibrating chair,13
17772,idea,4
17773,think machine gun use hunt game spell things ring new year,24
17774,think need replace washer dryer,12
17775,like spend thousand dollars broken man second chance,17
17776,nah,1
17777,homer wait herb talking,7
17778,come dining room want minute presentation change world,21
17779,minutes,2
17780,okay tell idea like,15
17781,drinking water,4
17782,easy homer example little idea carefully marketed,17
17783,greatest invention world million dollars,13
17784,homer invention example,14
17785,going,5
17786,,
17787,homer invention,5
17788,course blueprints use imagination,12
17816,maggie maggie,2
17789,baby translator measures pitch frequency urgency baby cries tells plain english exactly baby trying change turn damn raffi record,46
17790,clever idea,5
17791,need couple thousand dollars build prototype money thirty days swear,22
17792,think owe debt unky herb took home dad destroyed,19
17793,dad know shyster gon na bilk money brother,19
17794,right herb lend thousand bucks forgive treat like brother,22
17795,nope,1
17796,okay drinking bird,8
17797,let trying downstairs took nap,17
17798,want suck nose,6
17799,ooga booga ooga booga,4
17800,scared,2
17801,hmm amplitude sine wave insufficient burp saw tooth formation,20
17802,eureka,1
17803,bet wondering lies sheet,11
17804,peeked inside john,11
17805,oh baby translator,9
17806,whoooa,1
17807,marge humor,7
17808,pretty ingrained,4
17809,think homer,5
17810,herb stupidest thing seen believe blew thousand bucks right rollers kneading buttocks,28
17811,homer stop thinking ass,8
17812,try,5
17813,lavish attention entertain,7
17814,maggie talked,3
17815,tells exactly baby mind,11
17966,mind,2
17817,,4
17818,peek boo,1
17819,oh amusing,6
17820,homer think,7
17821,dunno herb people afraid new things taken existing product clock,24
17822,homer mother country going want,13
17823,soiled embarrassing,6
17824,gave herb money world treats like dug ear,24
17825,worry stay mad forever brother,13
17826,gon na act like,8
17827,,
17828,,
17829,radio controlled plane gives baby chance fly like son execute barrel roll loop de loop bring perfect landing,31
17830,whoop oh dear wife going kill,10
17831,,
17832,want eat candy,6
17833,,5
17834,leash demeans,5
17835,,3
17836,dozen,4
17837,represent precious baby discount stores,10
17838,rich usa usa usa,6
17839,,
17840,homer check thousand dollars wanted little believing lisa volume great books western civilization receive new month beowulf zero,48
17841,finally copy ethan frome,10
17842,bart know young machine gun wanted gon na sure old buy membership national rifle association,38
17843,wow nra armor piercing cyanide tipped bullets,12
17844,constitution son,5
17845,maggie brought fortune want world,15
17846,want dog eating,6
17847,,
17848,nice marge,7
17849,herb appreciate generosity need gift,13
17850,late marge got new washer dryer sold old ones bucks,21
17851,,
17852,come washer,3
17853,oh stupid dryer,4
17854,,
17855,herb think vibrating chair bag,13
17856,homer walk car,6
17857,punch face want,25
17858,homer forgive brother,20
17859,,2
17860,,2
17861,point brother,5
17862,gimme hug brother,4
17863,right hugged man,10
17864,homer bought damn chair,7
17865,outta,6
17866,,
17867,,
17868,children day school,8
17869,grades,4
17870,oh mrs krabappel c average dad wo let kamp krusty,20
17871,fair children right,11
17872,obliged doll,3
17873,oh bart simpson gon na miss,7
17874,attention principal skinner trust remembered bring implements destruction,18
17875,let trash dump,5
17876,,
17877,somebody torch permanent records quickly,10
17878,la la la la la la la la la la la la la la la la la la,4
17879,,
17880,wake boy,3
17881,oh dreamt day school,10
17882,,3
17883,oh know beautiful dream,11
17884,know pinch traditional,7
17885,homie remember promise children,9
17886,sure eighteen door,9
17887,dad promised bart got c averages kamp krusty false modesty looking happy camper,28
17888,yeah remember report card got new grading system year goes d b,23
17889,listen boy understanding better end think kind father got d let kamp krusty,37
17890,dad,2
17891,son want life work quiet announce lottery numbers,24
17892,,1
17893,,
17894,,1
17895,,
17896,,1
17897,,
17898,,1
17899,woo hoo,1
17900,,1
17901,,
17902,,
17903,attention students clear lockers waste baskets provided,12
17904,,1
17905,let got,7
17906,ah gym shorts,4
17907,,
17967,bart bathing suit,5
17968,gon na swim nekkid,4
17908,final report cards left minds let quietly run clock,27
17909,arithmetic,2
17910,social studies,3
17911,conduct,2
17912,english,2
17913,art,2
17914,,2
17915,gotten b,6
17916,happened feel dirty uh uh uh dirt coming okay calm little typo,26
17917,oh miss hoover appears mistake report card gave conduct,20
17918,lisa needs blotch permanent record,10
17919,making clear think reconsider,11
17920,lisa hurting,4
17921,,
17922,mrs krabappel figuring final grades hope note textbooks returned excellent condition cases original wrappings,31
17923,duly noted,2
17924,like add gaze beauty seen angel fly low,19
17925,forget short pants,4
17926,mrs krabappel c average kamp krusty,17
17927,summer,4
17928,,1
17929,,1
17930,,1
17931,,1
17932,open mouth,4
17933,,1
17934,,
17935,,
17936,wait minute learn world war ended,11
17937,won,2
17938,,
17969,,2
17939,hmmm seen unfettered hurly burly fall saigon william school year gone,19
17940,job sir,9
17941,work sure toilets good scrubbing want old girls sparkling,24
17942,aye sir,2
17943,ya silk wearing buttercup,3
17944,,
17945,right months spaghetti o daytime tv,10
17946,bart joining bucolic splendor kamp krusty,14
17947,bet check hand aces,8
17948,oh bart forge plausible grades,11
17949,,
17950,,
17951,hi kids week left sign bestest summer kamp krusty,17
17952,kamp krusty built actual indian burial ground got archery wallet making megillah fat kids exclusive program diet ridicule results,33
17953,best come kamp krusty spend summer honest injun,19
17954,goes,4
17955,stupid roller skate,2
17956,dad report card think pleasantly surprised,12
17957,think boy,10
17958,sir,2
17959,know d turns b easily got greedy,14
17960,wo camp,8
17961,bart deal thought help good grades pay mistake,27
17962,mean,5
17963,yeah want hangin summer,10
17964,oh dad best father boy,11
17965,thanks son got little hands reach mower pull skate,18
17970,ah sure couple uptight counselors wo dig bart philosophy feel human body thing beauty,26
17971,marge crazy getting hairier,10
17972,,
17973,camp need boosters malaria german measles encephalitis hansen disease,15
17974,oh afraid advanced case hypochondria known cure wowwy pop,21
17975,patronize doctor,4
17976,,
17977,family dinner weeks promised cry,15
17978,oh going miss,6
17979,hey hands pickle,5
17980,boy,8
17981,,2
17982,oh yeah,2
17983,check mate,2
17984,thinking moves ahead,5
17985,,
17986,image enhancement camp,11
17987,spare euphemisms fat camp daddy chubby little secret,12
17988,promised scene,7
17989,good bye special little guy lisa watch poison ivy remember leaves let,18
17990,leaves eat,6
17991,write day,5
17992,look closet fact stay room,14
17993,pets die replace know,9
17994,,
17995,,
17996,hi kids welcome kamp krusty,6
17997,weeks turned things bestest buddy wide world mr black want treat mr black respect mr black,44
18028,louder faster,2
18090,funny ha ha funny,7
17998,thank krusty welcome children mr black head counselor past years president euro krustyland blew questions uh,41
17999,uncle blackie,6
18000,question,3
18001,krusty,7
18002,ah eventually meantime counselors dolph jimbo kearney happy handle problems,25
18003,looks like got troublemaker,7
18004,,
18005,shower homie finished,10
18006,oh,4
18007,ohhh,1
18008,,1
18009,whoa,1
18010,,
18011,cabin like,8
18012,,
18013,little rustic expected,9
18014,worried lis know,10
18015,krusty brand seal approval find products meet high personal standards krusty clown,23
18016,,
18017,aaaahhhh,1
18018,whoops warned clock gets incredibly hot leave plugged,17
18019,okay eh stuff fine wimbledon,13
18020,,
18021,roast marshmallows,6
18022,shut eat pine cone,7
18023,sure safe,5
18024,ai getting safer,6
18025,right balls pan drippings want crisco coming pores leaving christmas ham gives pull,28
18026,,
18027,hail thee kamp krus ty shores big snake lake swings rus ty know break,22
18029,gleaming mess hall hollow baseball field spic span infirmary wounds healed hail thee camp krusty mt avalanche,28
18030,love kamp krusty registered trademark krusty corporation,13
18031,,
18032,serving gruel,4
18033,krusty brand imitation gruel orphans tell difference,17
18034,,
18035,yo mr black brandy,5
18036,evil,2
18037,,
18038,marge kids left lost pounds,9
18039,oh wonderful,3
18040,look new hair,4
18041,close having comb,7
18042,,
18043,lights losers,3
18044,yeah meetin tail lake,12
18045,feel like gon na die bart,7
18046,gon na die lis,5
18047,meant soon,3
18048,,3
18049,,
18050,mmmm strawberries ah good hey lendl choke choke yeah,10
18051,point game becker harlequin row voice,18
18052,sorry folks sorry majesty,5
18053,,
18054,dear kids hope letter finds great father best shape,24
18055,size right agility,3
18056,,
18057,miss terribly hope jelly bean cookies tide home,18
18058,hey simpson tell mom cookies sucked,8
18059,dear mom dad longer fear hell kamp krusty,15
18060,,
18061,nature hikes grim death marches,8
18062,snake bit,4
18063,line maggot,4
18064,,
18065,arts crafts center actuality dickensian workhouse,11
18066,come wimps gucci wallets streets hong kong friday,17
18067,,
18068,bart makes days relying unwavering belief krusty clown come,18
18069,krusty coming krusty coming krusty coming,9
18070,far pessimistic,6
18071,,
18072,sure letter reach lines communication cut,18
18073,giddyap,1
18074,effort writing lightheaded close saying save save bart lisa,23
18075,,
18076,ah kids letters camp,5
18077,complains pick wo want leave,16
18078,,
18079,lisa thinking summer getting job,14
18080,,
18081,oh homer getting late miss fireworks,9
18082,marge got fireworks need right,10
18083,,
18084,kids uh promised little treat lieu dinner man took abandoned mule tannery turned summer wonderland mr krusty clown,36
18085,told krusty come like said heh heh gon na bring food water smite enemies,24
18086,tell kids krusty laryngitis bad wo saying,22
18087,,
18088,krusty looks fat,3
18089,having trouble keeping balance,7
18154,tijuana,1
18091,krusty clown,5
18092,think slapped clown suit wino,12
18093,yeah bart krunchy klown,8
18094,right scorched krusty got rapid heart beat krusty brand vitamins krusty calculator krusty autobiography self serving glaring omissions time gone far want krusty want krusty,53
18095,want krusty want krusty,6
18096,yeah want krunchy want krunchy,7
18097,thought said broke spirits,8
18098,,2
18099,broke,3
18100,let,3
18101,hydrofoil,3
18102,,
18103,,
18104,chunky brothers gorge trough freedom,10
18105,,
18106,ahh sweet nourishing gruel,4
18107,,
18108,kowalski,1
18109,brownies,2
18110,wiggum,1
18111,change underwear,4
18112,crandall,1
18113,insulin,2
18114,,
18115,bart said gon na camp freedom,10
18116,ehh zing,5
18117,dub thee sir,4
18118,mr clown,6
18119,better important oy gavolt,6
18120,,
18121,let head flop forth neck cooked piece asparagas,16
18122,interrupt sadruddin mabaradad yoga party special bulletin,10
18123,krisis kamp krusty,4
18124,,
18125,,
18152,ready weeks happiest place earth,11
18153,,
18126,ladies gentlemen vietnam afghanistan iraq hyperbole million times worse,29
18127,burn krusty burn burn krusty burn,6
18128,group school age spartacuses taken camp force counselors missing presumed scared told exclusive interview ring leader,33
18129,,
18130,boy boy,8
18131,,
18132,want world know crappy camp crappy tv,21
18133,yes network,6
18134,,
18135,princess di friends,7
18136,people sick vultures sang farm aid way parasites said way,28
18137,,
18138,fake real krusty,8
18139,oh yeah played daughter short lived sitcom president clown,12
18140,know held liquor store year,14
18141,smell bacon let wearing wire,10
18142,real krusty look pacemaker scar cattle skull birthmark famous superfluous nipple,19
18143,bad customs,9
18144,krusty lend inferior product,13
18145,drove dump truck money house stone,17
18146,krusty camp nightmare fed gruel forced wallets export campers eaten bear,28
18147,oh god,3
18148,actually bear ate hat,8
18149,nice hat,5
18150,oh yeah,2
18151,oh god gon na gon na kids time lives,22
18155,live beautiful laughlin nevada miss american girl pageant,11
18156,brought meryl streep versatility smell like streep cheap,12
18157,,
18158,host troy mcclure come ladies,11
18159,learned truth seventeen love meant beauty queens,13
18160,like miss south dakota miss north carolina miss indiana alaska,10
18161,kids wo home tonight leaving low cal microwavable tv dinners,15
18162,yuh huh,2
18163,doh kay,1
18164,auditioning play musical version streetcar named desire exciting,17
18165,ask winners cutting contestants right,17
18166,let minute meet distinguished panel judges skin care consultant rowena syndicated columnist william george token black panelist drederick tatum mr bozwell man infamous worst dressed lists mr bozwell sneak peek year list,48
18167,memo goldie hawn cheerleading tryouts thirty years ago let grow shall,15
18168,bitch,4
18169,play high school thought good chance meet adults,23
18170,sounds interesting,2
18171,know spend day maggie like exist,17
18172,sounds interesting,2
18173,time finalists starting miss montana,11
18174,beaut butte,4
18175,miss south carolina,3
18176,finah,4
18177,miss delaware,2
18178,uh good,5
18179,la la la la la la la,1
18180,marge,6
18181,homer audition half,6
18182,hey look year winner deborah jo smallwood,9
18183,tonight reign miss american girl comes end like apologize time unfortunate remarks united nations,27
18184,maggie cut racket,4
18185,exactly going,6
18186,auditioning play,5
18187,heard,9
18188,told times musical version streetcar named,13
18189,excuse marge think told remember mean idiot,19
18190,thought told,6
18191,kids,4
18192,right mom,3
18193,sorry,1
18194,match point homer,3
18195,sorry honey,3
18196,okay perfect,7
18197,,
18198,,
18199,howdy neighbor,3
18200,hi ned know actor,9
18201,oh indeedily doodily streetcar played blanche dubois hmmm huh fun going male school,26
18202,hello llewellyn sinclair directed plays career heart attacks care planning fourth,30
18203,maybe taken nice calligraphy class,9
18204,ah forget mr takahashi lunatic,9
18205,quiet,1
18206,right,2
18207,easy man work directing hats hanukkah reduced cast member tears expect fourth graders review play enjoyed speaks auditioning role stanley shirts,53
18208,shirts deshabillez votre chemises schnell schnell schnell,10
18631,,
18209,uh huh nope try joining gym oh ye gods,10
18210,hey man like butt,11
18211,stanley,4
18212,hot diggity marge stanley stella stella heh heh,14
18213,,
18214,hey look,4
18215,,1
18216,wo come home bill bailey,6
18217,,1
18218,got morning,7
18219,,1
18220,love,1
18221,thank terrible ladies understand blanche delicate flower trampled uncouth lout forget strike sets clear stage production,37
18222,homie right outside interests stupid,13
18223,wait minute,3
18224,come home right away right pick bucket fried chicken extra skin rolls chocolate cream parfait,21
18225,stop bothering blanche,4
18226,,
18227,play aging southern beauty driven insanity brutish brother law stanley,15
18228,wow mother actress feel like lucie arnaz luckinbill,10
18229,jive talking robots play,8
18230,think,4
18231,bart ask stupid questions frontal nudity,10
18232,homer,2
18233,,
18234,helen lovejoy playing stella,10
18235,apu nahasapeemapetilon play steve,7
18236,ot playing pab lo,8
18237,lionel hutz attorney law filing class action suit director behalf cut play play mitch,28
18238,marge simpson playing blanche peanut butter brownies,15
18239,like bite banality,9
18240,,2
18241,stanley pulsing animal lust blanche fling roughly bed,17
18242,roger dodger,1
18243,aww cute camera,9
18244,sister runs day care center,8
18245,guess weeks hurt,9
18246,,
18247,maggie allergic strained pears likes bottle warm milk naptime,16
18248,bottle mrs simpson know baby saying reaches bottle,18
18249,ba ba,1
18250,saying leech aim develop bottle,15
18251,sounds awfully harsh,4
18252,mrs simpson like toot horn day center town currently investigation state,26
18253,oh good girl maggie,7
18254,sorry maggie allow,8
18255,,
18256,dame fella,7
18257,stanley stop tell stella,6
18258,passion mrs simpson anger man disgusts,8
18259,want embrace,6
18260,twist bottle face,7
18261,marge let hate armchair blanche gave,18
18262,face shredder,5
18263,mrs simpson set push bile tip throat mission accomplished going crawl bed bottle amaretto good day,32
18264,,
18909,true,3
18265,homer run lines,8
18266,bart,4
18267,sec,5
18268,gutterball,1
18269,marge little world forgot people problems,18
18270,,
18271,,
18272,like nap eh place babies like box,15
18273,,
18274,right let ham ateur night dixie commence,8
18275,sorry llewellyn blanche shove broken bottle stanley face abuse gentle good humor,29
18276,marge ride,4
18277,homer minutes,8
18278,dame fella,7
18279,stanley stop tell stella,6
18280,marge marge asking white hot rage giving hissy fit,15
18281,marge change candy machine,10
18282,oh,2
18283,hey quarters,5
18284,bad stanley,9
18285,stanley thoughtless violent loud,6
18286,marge second spend man crushing fragile spirit let happen,19
18287,woo hoo come papa marge car,11
18288,want embrace,6
18289,marge lose,6
18290,twist bottle face,7
18291,hallelujah ned supposed overpower,11
18292,trying trying,4
18293,,
18294,salt,2
18295,heah ah homah,4
18296,wha th talking like,8
18297,play tomorrow night got stay character,10
18298,hey mom help ah talked lahk,11
18299,maght,2
18300,talk like bob yer uncle mate,9
18301,reahlly help baht,5
18302,big daddy mind passin biscuit,10
18303,slog school tomorrow got pain gulliver,12
18304,livin cuckoo clock,6
18305,later kids got rehearse ned,11
18306,marge dessert,5
18307,god sake pull lid pudding,14
18308,fine,3
18309,oh pudding trapped forever open pudding shows know marge,23
18310,,
18311,maaaarge hey maaaaaarrrrge,3
18312,yelling big ape,5
18313,little hard old homie,9
18314,forget let rehearse bottle scene,8
18315,let,6
18316,,
18317,time play start,7
18318,going,4
18319,got ta,5
18320,sure wo enjoy bowling play oh wait,17
18321,probably,5
18322,little supportive,8
18323,care okay fake interest expert faking interest kooky projects,24
18324,kooky projects,3
18325,know painting class aid course lamaze thing,13
18326,tell felt way,9
18327,know hurt feelings good night,13
18328,,
18329,,
18330,playing nicely little humans good good hello maggie poor little dummard,11
18331,hi kids flame retardant,5
18332,break buy new,7
18333,maggie time,6
18334,babies,1
18335,,
18336,,
18337,little mad don cap bells tread beneath proscenium arch tonight transformed dead eyed suburbanites white hot grease fires pure entertainment working playing,48
18338,drag,1
18339,,
18340,long saints football play,10
18341,lived city damned hear hellish rondelet,12
18342,new orleans home pirates drunks whores new orleans tacky priced souvenir stores want hell trip sodom gomorrah,31
18343,mississip new orleans stinking rotten vomiting vile,9
18344,new orleans putrid bruckish maggoty foul,6
18345,new orleans crummy lousy rancid rank new orleans,9
18346,matter honey lost,7
18347,looking sister stella,6
18348,mom,2
18349,huh,1
18350,blanche dubois,5
18351,thought life mardi ending party faded southern dame dime,22
18352,collecting evening star,6
18353,come want kiss softly sweetly mouth,15
18354,simple paper boy romance seek wanted cents deliveries week,22
18355,bewitching floozy seduce humble oh paperboy,14
18356,whoo hoo,1
18357,stella stellla hear yell puttin hell stella stella,14
18358,cool fly,4
18359,think supposed symbolize descent madness,10
18360,depended kindness strangers,12
18361,depend kindness buck shield dangers,19
18362,tip blanche wo regret,9
18363,stranger friend met met streetcar,12
18364,people stars,9
18365,cool,1
18366,,
18367,hey look blanche dubois,7
18368,mom,1
18369,way mom,4
18370,everybody cheering,5
18371,everybody,2
18372,kids wait car want talk mother play thing,16
18373,lookin spot fun missus eh,11
18374,shut boy,3
18375,marge terrific,4
18376,oh come homer end bored barely selfish head,19
18377,bored sad got lady uh uh know mean played,26
18378,blanche,1
18379,yeah blanche sad guy stanley nice,17
18380,yeah,3
18414,afraid furnace working,6
18910,let,3
18381,mean feel bad poor thing ends hauled nut house needed big slob respect thought history missing point stuff like,50
18382,homer got right,7
18383,,
18384,hey know lot like guy,9
18385,,1
18386,yeah like pick teeth mail stuff,12
18387,maybe little,5
18388,,
18389,ahhh beautiful day womb la la la la la la la la la la,10
18390,leggo leggo,2
18391,,
18392,naked wet,5
18393,homer time church,7
18394,don wanna,3
18395,church,6
18396,cold,3
18397,tired having argument sunday dressed,10
18398,oh stupid itchy church pants,5
18399,size fits butt,6
18400,come going late,7
18401,forget going,5
18402,,
18403,,
18404,hey homer,3
18405,father resting,4
18406,resting hung resting got fired help,10
18407,,
18408,ahhh big toasty cinnamon bun want leave bed uh oh got ta whiz think man think think think think better,30
18409,whizzing door open love,11
18410,whyyy oh whyyy delilahhh,4
18411,kbbl degrees zero hope someplace warm,11
18412,bet sweet ass,5
18413,,
19308,dog gone,3
18415,yeah story,4
18416,let minds turn lamentation jeremiah long version,18
18417,joy gone hearts dancing turned mourning,12
18418,,
18419,wears short shorts,4
18420,wear short shorts,4
18421,perfect chance patented space age world moon waffles,12
18422,let caramels waffle batter liquid smoke,7
18423,oooh waffle run,4
18424,mmm fattening,2
18425,,
18426,cast fiery cauldron hell,10
18427,searing heat scalding rivers molten sulfur,9
18428,ahhh,3
18429,,
18430,uh oh boy,3
18431,okay okay okay okay okay,5
18432,,
18433,service ended peace,7
18434,door frozen shut way,10
18435,father art heaven hallowed thy,9
18436,lisa time place,9
18437,,
18438,johnny calhoun gon na find genie magic bikini,14
18439,course johnny record spoken word album right wing political views kinda killed career tell album contest line,35
18440,know,3
18441,hello homer simpson,5
18442,homer title,6
18443,things believe,4
18444,uh accept,5
18445,woo hoo,1
18446,,
18447,door coming willie,5
18448,miracles department reverend,5
18449,waiting read sunday bulletin card table sale badly damaged leg missing fine dollar best offer,27
18450,,
18451,chiropractors sent start manipulating spine,14
18452,hey moe know manipulatin,8
18453,heard lady grab spine cracking,11
18454,heh heh heh moe leader,5
18455,whoo whoo whoo whoo whoo,5
18456,,2
18457,hey,1
18458,,
18459,huzzah,1
18460,christians push,4
18461,excuse pardon whoop comin ya love hat baby,14
18462,,
18463,come tv gimme sweet sweet pap,10
18464,let define terms gentleman talking redistricting talking reapportionment means,25
18465,oh win,6
18466,interrupt public affairs program bring football game,12
18467,yesss,1
18468,,
18469,,
18470,,
18471,little gas,6
18472,,5
18473,know think help,6
18474,help,4
18475,,1
18476,,
18477,oh doctor yard triple reverse ties score seen razzle dazzle today visits morganna kissing bandit astonishing return jim brown,33
18478,woo hoo,1
18479,think,7
18480,mmm hmm,2
18481,found penny,4
18482,best day life,9
18483,looks like new champion,7
18484,ah beloved family church,7
18485,,
18486,hand having best day life owe skipping church,22
18487,terrible thing kids father mean,13
18488,like fun marge going church,11
18489,homer actually giving faith,8
18490,yes,9
18491,,
18492,believe giving church homer,8
18493,hey big deal going building sunday mean god,17
18494,amen brother,2
18495,think almighty better things worry little guy spends measly hour week,25
18496,tell daddy,3
18497,picked wrong religion week making god madder madder,17
18498,testify,1
18499,,
18500,lord husband means perfect kind decent man error ways,22
18501,marge come bed,4
18502,homer mean sacrilegious lord likes sleep sundays,17
18503,maarge come bed marge,5
18504,good ails ya,6
18505,wait,5
18506,god,1
18507,thou hast forsaken church,5
18508,kind,4
18509,,2
18538,remember matthew,5
18510,bad guy work hard love kids spend half sunday hearing going hell,28
18511,hmm got point,6
18512,know watching football st louis team,16
18513,moved phoenix,5
18514,oh yeah,2
18515,know hate church boring sermons,11
18516,agree reverend lovejoy displeases think canker sore,18
18517,,5
18518,,2
18519,figure try live right worship way,17
18520,homer deal excuse appear tortilla mexico,18
18521,dad ask question,7
18522,sure honey,2
18523,dedicating life blasphemy,8
18524,worry sweetheart wrong recant deathbed,11
18525,hello animal friends peace,8
18526,guys minutes,8
18527,reverend lovejoy bit ulterior motive inviting dinner,15
18528,,1
18529,bad concerned husband attending services lately,16
18530,sure right thing god told seek new path,22
18531,oh,2
18532,yeah appeared dream knew special usually dream naked marge,21
18533,,
18534,homer saw big cheese look like,11
18535,perfect teeth nice smell class act way,12
18536,homer crazy tell crazy,9
18537,homer like remember matthew foolish man built house sand,18
18539,left went city bethany lodged,16
18540,yeah think,4
18541,,
18542,hello work homer simpson wo coming tomorrow religious holiday uh feast maximum occupancy,21
18543,pretty slick,2
18544,join religion moe great hell kneeling,13
18545,sorry homer born snake handler die snake handler,12
18546,,
18547,neighbor heard heresy mission win flock,19
18548,sale,2
18549,homer christian life praying sacrifice hey dig,11
18550,god said noah gon na floody floody,11
18551,,
18552,rain came started muddy muddy,9
18553,,
18554,animals arky arky,9
18555,leave,3
18556,dad heathen getting away,5
18557,son,4
18558,going,4
18559,garbage island,2
18560,,
18561,let kids,3
18562,come church dad gets stay home watch cartoons,17
18563,responsibility raise children right change tell father wicked,23
18564,kids let tell called wicked guy long hair wild ideas people thought right man forget point uh forget marge know talking drive blue car,61
18565,kids wait outside,7
18566,homer choose man god win,17
18567,taking flanders water department god,14
18568,going ask time sure wo come church,19
18569,coming ladder,7
18570,sure,2
18571,,
18572,friends devil walks,7
18573,ooop got,4
18574,look pitchfork pointy tail today devil assumed seductive form pleasing eye,21
18575,,
18576,ooh interview lorne michaels wait good hey talkin unabashed dictionary defines iud love springs internal,27
18577,hello collecting brotherhood jewish clowns year tornadoes claimed lives seventy jewish clowns worst incident convention lubbock texas floppy shoes rainbow wigs terrible,40
18578,wait minute religious thing,8
18579,religious clown thing yes,5
18580,sorry,1
18581,wait,2
18582,,
18583,remember sabbath day holy,8
18584,,
18585,apu church,7
18586,oh shrine ganesha god worldly wisdom located employee lounge,20
18587,hey ganesha want peanut,5
18588,offer god peanut,8
18589,offense apu handing religions takin whiz,18
18590,mr simpson pay purchases come,13
18591,,
18592,pride goeth destruction,4
18593,,
18594,boy stupid,6
18595,marge turn heat better,7
18596,fire oh song song fire starts burn lesson learn avoid catastrophe,33
18597,,
18598,fire old simpson place,6
18599,honor steal,9
18600,oh,3
18601,little jamshed store hands,8
18602,waited day,7
18603,,
18604,ducks trying patience cute,11
18605,,
18606,homer homer,2
18607,nooo,1
18608,dear lord loving hand guide homer mattress square true,14
18609,o kay,1
18610,flanders saved,5
18611,heck,8
18612,help help,2
18613,right old friend,4
18614,dad,1
18615,oh homey right,6
18616,magazines roach traps gone gone,8
18617,saved cat,4
18618,ow hurt,3
18619,hey axes,6
18620,know choppin stuff,5
18621,gotcha,1
18622,,
18623,truly act god,7
18624,hey wait minute flanders regular charlie church god save house,16
18625,,
18626,,
18627,valuables house,5
18628,picasso collection classic cars,8
18629,sorry policy covers actual losses stuff,10
18630,great,4
18632,fire man oldest foe insatiable remorseless unquenchable,7
18633,hey,3
18634,coming works better springy clothes pins kind,14
18635,know feeling lesson,10
18636,yes lesson,4
18637,tell oh know lord vengeful o spiteful smite shall smoten,27
18638,homer god set house fire,8
18639,working hearts friends neighbors went aid christian jew miscellaneous,25
18640,hindu million,7
18641,ah super,3
18642,rude saved life left fry like proverbial pancake,29
18643,oh homie glad hear,10
18644,church try,7
18645,sunday row center,8
18646,,
18647,feel bad homer religions fail year,14
18648,game hendrix,3
18649,god got ta ask meaning life,11
18650,homer tell,6
18651,,1
18652,find die,6
18653,wait long,5
18654,wait months,5
18655,tell,4
18656,okay meaning life,7
18657,,
18658,principal skinner happiest place earth registered disneyland copyright,12
18659,gentlemen small school carnival,7
18660,heading great big lawsuit big mistake skinner,14
18661,got ex green beret mad,10
18662,copyright expired,2
18663,annnd begin,1
18664,sucks,2
18665,,
18666,haw haw,2
18667,pick red ahead pick black set,11
18668,recall authorizing booth,6
18669,goodbye gentlemen,2
18670,yer haggis right chopped heart lungs boiled wee sheep stomach tastes good sounds good ails ya agh agh,28
18671,years old pounds,8
18672,ha ha lose,7
18673,oh,1
18674,hey otto man dare faster,10
18675,ooo challenge accepted,3
18676,mexico til thing blows,9
18677,oh boy spookhouse,4
18678,,
18679,hand money,5
18680,,
18681,scary,3
18682,uh huh,1
18683,oh baby,2
18684,uh oh,1
18685,,
18686,girlie like roller skatin,5
18687,,1
18688,yeah everybody loves roller skating okay turn,10
18689,oh god ugly,5
18690,,
18691,moment raffling grand prize,11
18692,ride famous duff beer blimp,8
18693,ride duff blimp,6
18694,circular pattern fields central pivot irrigation,12
18695,wow,1
18696,let happening super bowl,9
18697,oops sorry,2
18698,ho mer ho mer ho mer,3
18699,second prize winner recipient handsome shoe buffer ned flanders,15
18700,,
18701,oh fair buffer,9
18702,home use,9
18703,want,5
18704,winner blimp ride homer simpson,10
18705,oh god,3
18706,,
18707,hey blimpy boy sky fancy free,11
18708,honey wrong,3
18709,dad think ugly,6
18710,talking,5
18711,heh heh heh oh lisa real look cartoon character,20
18712,ugmo,3
18713,true cute bug ear,10
18714,fathers stuff,6
18715,dad cute bug ear,8
18716,homely mule butt,7
18717,,2
18718,like,6
18719,,
18720,moe felt unattractive,6
18721,mmmm,2
18722,barney,4
18723,second,4
18724,need help,3
18725,whee whee whee whee wheeeee,5
18726,guess father thinks daughter cutest,10
18727,way prove,8
18728,wow president laramie cigarettes jack larson,7
18729,year laramie sponsoring little miss springfield pageant government regulations prohibit advertising tv ah sweet carolina smoke prohibit holding beauty pageant little girls age seven,42
18758,sweet,4
18730,lisa age seven,5
18731,daughter crowned little miss springfield host maitre d glee krusty clown,19
18732,heartily endorse event product,7
18733,feeling happy smoker taking puff morning,16
18734,lisa,4
18735,little miss springfield pageant dollars enter,10
18736,,
18737,hey barney bucks blimp ticket,12
18738,sure,1
18739,money,6
18740,scientists stopped testing animals guy like clean,17
18741,,
18742,hideous,2
18743,lisa know song cheer ugly duckling,16
18744,think ugly,5
18745,meant good looking ducks makes fun ugly,18
18746,lisa wish,11
18747,shut world seen human eyes,15
18748,uh second wish entered little miss springfield pageant,14
18749,talking,5
18750,sent application find big photo sent funny drawing roller skates,26
18751,wo,7
18752,homer lisa sensitive looks thing needs,14
18753,think win,5
18754,dad seen girls contests hubba hubba,13
18755,hey prettier little girl,7
18756,looking father eyes,8
18757,gouge somebody eyes shove sockets beautiful,22
18759,honey going force know father got money enter pageant,26
18760,nope,1
18761,sold ride duff blimp,8
18762,ride meant,7
18763,hey blimpy boy flying sky fancy free,12
18764,,3
18765,,
18766,tina epstein,5
18767,whoa gon na binge better purge uh oh,10
18768,amber dempsey,2
18769,week pork princess little miss kosher,12
18770,beautiful,2
18771,wait bring big guns,9
18772,eyelash implants,2
18773,thought illegal,5
18774,paraguay,3
18775,,
18776,way beat girl jack nicklaus pageant circuit,16
18777,oh know attractive jack nicklaus,11
18778,meant win time mom,10
18779,oh yes meant tell afternoon beauty parlor lovely,30
18780,later teach tricks trade taping swimsuit butt petroleum jelly teeth frictionless smile ancient art padding,31
18781,,
18782,,
18783,,3
18784,warming,5
18785,dangerous,3
18786,worry protected,5
18787,,
18788,boy lisa comes want big fuss looks,17
18789,like grandma underpants,7
18821,amber dempsey grow want sweetie pie,17
18790,wo comes compliments women ravenous blood sucking monsters wantin plenty return,31
18791,like,2
18792,tell older,6
18793,,
18794,lisa ooh got ta heaven angel missing,13
18795,little school friend wait minute mom,11
18796,know fellas gon na special dinner tonight,12
18797,hey hey,2
18798,whooo whooo dad know women,10
18799,nope,3
18800,,
18801,hey brush head nursing thing hour,11
18802,know wondering works ice cream store keeps trim figure,20
18803,misjudged,3
18804,,
18805,said step pause turn pause pivot step step step pause turn pause pivot step pause ooh shudder,7
18806,,
18807,winner lisa simpson,6
18808,okay wipe away tear hug loser,8
18809,triumphant walk runway,9
18810,hopeless,2
18811,heels,8
18812,heel toe heel toe heel toe,9
18813,think win,7
18814,hey starting think win,8
18815,girls prettier,8
18816,lis brother hardest thing ugly,17
18817,oh bart,2
18818,,
18819,,
18820,making work gasping air having,13
19309,oh grampa,2
18822,pahasatira mahasapeenapetilon tonight playing macarthur park tabla,15
18823,,3
18824,yes judges queen,5
18825,watching kwik e mart,4
18826,,
18827,,
18828,lisa simpson want little miss springfield town better place,22
18829,yeah clean stink hole,6
18830,krusty time got,6
18831,yeah yeah uh republican fundraiser,10
18832,checking hitting heights making wish dreaming dream,12
18833,little miss springfield beee,8
18834,,1
18835,ooh brisket sittin right,6
18836,recipe oh nooo,9
18837,ooh kept huh lisa simpson,11
18838,love,9
18839,thanks dad,2
18840,hmmm,1
18841,people love country old fashioned uncool real melvin oh beautiful spacious skies amber waves grain,29
18842,,4
18843,left good job city workin man night day,16
18844,favorite pageant whazzat oh gives chance visit girls personality uh personally amber think bill rights good thing bad thing,41
18845,um,1
18846,time dear,4
18847,good thing,2
18848,awwww,1
18876,ver ry wrigley,2
18877,,
18878,little miss springfield pleasure welcome america land opportunity,16
18849,time runner winner fulfill duties blah blah blah wuzza wuzza wuzza happen remember thing whatsername click click know okay runner,44
18850,lisa simpson means amber dempsey new little miss springfield,12
18851,l losers wake income t tooth filled mouth t tooth filled mouth,24
18852,,
18853,coming new fad sweeping nation wasting food,12
18854,let join new little miss springfield amber dempsey helps open danish super chain shop,19
18855,scott mayor illegitimate son duff blimp,14
18856,,
18857,hey drive,4
18858,harm,6
18859,oh humanity turn store severe tire damage spikes little miss springfield,17
18860,oh dear shame pretty dress got wet,13
18861,greater danger scepter acting lightning rod plastic,19
18862,nope metal,2
18863,ladies gentlemen little miss springfield struck lightning,11
18864,,
18865,doctor amber condition,5
18866,oh fine fact won little miss intensive care pageant,15
18867,congratulations lisa new little miss springfield scepter,11
18868,kidding,5
18869,kidding,2
18870,deserved,3
18871,,
18872,look like body,6
18873,torso dr ruth head pike chamber horrors,18
18874,hi fellas,2
18875,love chewing gum walk,5
18879,actually deported,4
18880,,
18881,let big fort springfield welcome mr bob hope,13
18882,mayor,4
18883,quimby,1
18884,beautiful,1
18885,hello bob hell springfield hope hey mayor quimby golfer golf balls spends time water greg louganis,33
18886,want fighting war little miss springfield beautiful,25
18887,little miss springfield,3
18888,tony randall cancels,7
18889,,
18890,hey set boat,8
18891,,
18892,going riding pack cigarettes,10
18893,mm hm think perfect spokesmodel laramies new campaign,16
18894,hmm classy,2
18895,,
18896,lisa unlucky year laramie lot people smoke product dying heh heh need young smokers place,33
18897,want spokesperson cigarette company,11
18898,role model young people thinking retiring menthol moose,15
18899,bless boys,3
18900,homer ice cream men,6
18901,know,2
18902,,
18903,stop float,3
18904,holdup,4
18905,tired corporate shill,7
18906,speak evils society dog napping cigarettes,16
18907,,
18908,sing national anthem like college football diverts funds badly needed education arts,22
18911,let outta,4
18912,,
18913,gentlemen need lisa simpson amber dempsy glorified crossing guard police chief wo big fat,24
18914,okay open potato chips,9
18915,gentlemen prayers answered look little miss springfield pageant application,16
18916,roxy bring bottle champagne,7
18917,dip chips,7
18918,lisa simpson longer little miss springfield stripped crown ceremony earlier today,19
18919,obviously wrong footage uh father deposed beauty queen homer simpson filled pageant application incorrectly area write space wrote okay,39
18920,,
18921,queen hate,13
18922,dad remember entered pageant,11
18923,know drunk,6
18924,possibly point wanted feel better,16
18925,,1
18926,uh huh,1
18927,remember,6
18928,time wreck life,5
18929,deal,3
18930,exclusive interview holiness pope john paul ii,12
18931,work conditions anybody wants downstairs mcdougals weekend guy care,24
18932,happy birthday bart,3
18933,,
18934,thanks grampa,2
18935,money,6
18936,government earn need miss payment raise hell,19
18937,hey homer present,6
18973,oh yeah,4
18938,mean worry son forgot present swear father grave,19
18939,hey,1
18940,,6
18941,,
18942,,
18943,sell toys,4
18944,sell forbidden objects places men fear tread sell frozen yogurt frogurt,19
18945,need son birthday,8
18946,gentleman,6
18947,object beware carries terrible curse,10
18948,ooh bad,3
18949,comes free frogurt,7
18950,good,2
18951,frogurt cursed,5
18952,bad,2
18953,choice topping,7
18954,good,2
18955,toppings contain potassium benzoate,5
18956,bad,2
18957,,4
18958,,
18959,happy birthday son,3
18960,great caesar ghost talking krusty doll,7
18961,krusty clown love,10
18962,oh dad best birthday,10
18963,doll evil tells ya evil eeevil,9
18964,grampa said presents,8
18965,want attention,4
18966,environmental news scientist announced springfield air dangerous children elderly,19
18967,woo hoo,2
18968,krusty clown like,9
18969,,
18970,krusty clown going kill,10
18971,pull string time,7
18972,said going kill homer simpson,10
18974,,
18975,homer wrong,3
18976,doll tried kill,6
18977,pressure finally gotten dad pressure,12
18978,leave,6
18979,baloney h o m e r baloney second h o m e,16
18980,,
18981,goes lingering thread heterosexuality,9
18982,hey baby comfortable relax little hot cheerleader outfit think,16
18983,think dirty socks stop making dizzy,14
18984,,
18985,goodbye dolly,2
18986,arrivederci vito,2
18987,fool think want nude pictures whoopi goldberg,14
18988,,2
18989,,
18990,,
18991,,4
18992,,
18993,guess fat boy,4
18994,marge marge look,3
18995,oh god,3
18996,doll trying kill toaster laughing,13
18997,ew dog water,3
18998,doll trying kill husband yes hold,11
18999,everybody loves clown,8
19000,yep problem,4
19001,set thing evil,6
19002,love homer,4
19003,come,3
19004,ya buddy,4
19005,walk dog,5
19006,yeah buried couple times,8
19007,yeah dogs like bury old junk,7
19008,yeah stupid idiot,4
19009,,
19010,oh day homer sponge bath coming home makes worth,22
19011,let ya,7
19012,,
19013,wife comes door,8
19014,,1
19015,mention dead,6
19016,,1
19017,hit head golf club,14
19018,,1
19019,remember went golfing time bugged,14
19020,said went bowling,5
19021,,
19022,homer coughed scarier stuff,8
19023,grampa tell story led interesting life,13
19024,lie know seen lot movies,15
19025,,
19026,,
19027,marge bouvier ad,10
19028,single white female wanted mysterious expedition like monkeys non smoker preferred,12
19029,welcome change pace rest crude uncouth sailors,17
19030,arrr,1
19031,arrr,1
19032,arrr,1
19033,arrr,1
19034,arrr,1
19035,arrr,1
19036,think smithers,5
19037,think women seamen mix,7
19038,know think young lady hired,9
19039,,
19040,hey heard going ape island,8
19041,yeah capture giant ape wish going candy apple island,15
19042,candy apple island got,8
19043,apes big,6
19044,hey homer dude,5
19045,foot prehistoric ape tourist trap concocted ape island jaycees way going ashore,22
19046,going,4
19119,garsh darn,3
19047,course think going bait uh bait thing beauty bathing beauty covered pretty,26
19048,,
19049,homer homer homer homer homer,5
19050,try remain inconspicuous,5
19051,homer homer homer homer,4
19052,mose tatupu mose tatupu,4
19053,saying,3
19054,uh saying dream sacrificing blue haired woman,11
19055,oh whoa,5
19056,,
19057,,
19058,,
19059,,
19060,,
19061,,
19062,,
19063,smithers golden opportunity alive broadway dead sell monkey stew army,25
19064,ooo,1
19065,hands mister,7
19066,,
19067,,
19068,want kill shoot groin belly,14
19069,hey homer cut come quit eatin,10
19070,ow nice shot carl,4
19071,right big ape snootful gas bomb,12
19072,,
19073,strolling gas day,8
19074,,
19075,nice work smithers giving raise,12
19076,oh,2
19077,,
19078,,
19079,kinda got mr burns,9
19080,ape going stand hours close ethnic comedy douggan dershowitz,23
19081,sensational,1
19118,hi fellow halloweenies scaredly dare ya,7
19082,ladies gentlemen native land king comes chains amusement presenting homer eighth wonder world,30
19083,wow look size platform,8
19084,think making angry,6
19085,come gon na run amok downtown springfield,11
19086,hey monkey want peanut,5
19087,said,3
19088,,
19089,good ship lollipop sweet trip candy shop bon bons,14
19090,,
19091,dreading reviews tell,10
19092,oh hi homie,3
19093,,
19094,,
19095,sure taking sweet time,6
19096,better refuel,2
19097,know look little flushed maybe eat vegetables people,16
19098,,
19099,,
19100,,
19101,dead,3
19102,career remember al jolson ran amok winter garden climbed chrysler building arrested town,30
19103,,
19104,worry homie care,8
19105,,
19106,bride groom,7
19107,,
19108,right way,3
19109,folks stop cleaning second,12
19110,wait wait marge find father,8
19111,oh homer,2
19112,,
19113,kids instead candy thought serve array healthy fresh fruits,15
19114,,
19115,fruit nature candy,4
19116,,
19117,whoa,1
19120,nice try mr flanders got story scary wet pants,15
19121,late,2
19122,,
19123,apple z zebra baby pop book pages alphabetic adventure,14
19124,bart mean tell read book intended preschoolers,13
19125,,4
19126,read book,6
19127,,
19128,find waldo,4
19129,man tryin anymore gee noticed,11
19130,whoa ow,4
19131,evil evil bad beware beware,5
19132,cool,1
19133,ow ow ow ow,4
19134,,
19135,chapter let talk zombies zombie bites zombie walk earth feeding brains living spell broken,31
19136,bart remember snowball died years ago tonight run mayor beer swilling brother clovis,22
19137,hey maybe spell bring dead,14
19138,let got skeletons whitest selling soul buyer market ah raise dead,28
19139,,
19140,cullen rayburn narz trebek,4
19141,zabar kresge caldor walmart,4
19142,working,3
19143,bart cast wrong spell zombies,7
19144,lis prefer called living impaired,10
19145,,
19146,pretty picture,5
19147,ach zombies,2
19148,pretty picture,5
19149,,
19408,,
19150,howdy strangers ya,9
19151,brains brains,2
19152,sue dokes rascal thought dead,11
19153,,
19154,dad bad,6
19155,wreck car,5
19156,,1
19157,raise dead,5
19158,yes,1
19159,car okay,5
19160,uh huh,2
19161,right,3
19162,,
19163,martin prince report office,8
19164,bring big juicy chess club brain,13
19165,,
19166,hey kids look win krusty sweepstakes,11
19167,enter send parents brains write parents brains card send,19
19168,,
19169,homer barricade door,6
19170,oh zombies,5
19171,,
19172,spare family,7
19173,brains brains,2
19174,thought dabbling black arts good chuckle wrong read book,24
19175,wait bart maybe library book reverse spell,12
19176,hope,4
19177,book depository,4
19178,hey simpson feeling mite peckish mind chew ear,13
19179,dad killed zombie flanders,6
19180,zombie,4
19181,,
19182,kzmb zombie radio,4
19183,,
19184,,
19185,,
19186,zombies earthlings run,8
19311,comin boy,3
19187,soon human race wither fall like earth plums seen observascope,18
19188,,
19189,,
19190,ow careful face,5
19191,barney,4
19192,zombie hey rome wow george washington,12
19193,washington,3
19194,eat lead einstein,3
19195,shakespeare,3
19196,end zombie shakespeare,7
19197,,
19198,hurry bart,2
19199,kolchak mannix banacek danno,4
19200,wrong,2
19201,uh realized beautiful young woman,11
19202,ah,1
19203,trojan ramses magnum sheik,4
19204,ya hell pushin boulder uh huh,9
19205,excuse john smith,5
19206,john smith,3
19207,mistake,2
19208,,
19209,uh zombies plagued town corpses rotting streets,15
19210,yay,1
19211,,
19212,sure glad turn mindless zombies,10
19213,shh tv,2
19214,man fall funny,4
19215,,
19216,captain log stardate trouble sleeping night hiatal hernia acting ship drafty damp complain listens,26
19217,star trek xii tired original cast latest greatest adventure,16
19218,captain klingons starboard bow,6
19219,klingons mr scott power,10
19220,,
19312,homer,4
19221,good captain canna reach control panel,10
19222,,
19223,movies rip,4
19224,sit,10
19225,hubba hubba oh kid,5
19226,thank dear good grampa teacher meeting bring dinner,19
19227,going,6
19228,depends teachers good pizza bad uh let poison,21
19229,good bad,15
19230,poison pizza,2
19231,oh making stops,7
19232,,
19233,right talk lisa teacher year bart,13
19234,way year,8
19235,right tell thinking number,14
19236,,3
19237,mean,3
19238,homer,1
19239,marge,7
19240,oh right,3
19241,woo hoo,5
19242,,
19243,ach,1
19244,hee hee,2
19245,bart guilty following atrocities synthesizing laxative peas carrots replacing birth control pills tic tacs,22
19246,sorry sure bart mean bad,12
19247,,
19248,chance bad,6
19249,,
19250,mr simpson wanted tell wonderful job lisa read young age,26
19251,read,7
19310,starving somebody bring food quick,8
19252,happy days fonz henry winkler worried losing cool,14
19253,firm believer r reading tv guide ummmm writing tv guide renewing tv guide,23
19254,usually witnesses come arthur,14
19255,bart stick fireworks,7
19256,oh,1
19257,,
19258,lips past gums look dentures come,13
19259,ew,1
19260,,
19261,child honor roll springfield elementary know thought find replacement beef bumper sticker heh heh heh beef,32
19262,uh like desk mr simpson,8
19263,huh oh,2
19264,,
19265,,
19266,helps bart,8
19267,,3
19268,bus ted,1
19269,homer problem,6
19270,kidding lisa turned perfect wo stand listen bad mouthing lisa,17
19271,talking bart,4
19272,oh guy,3
19273,think problem discipline bart wrong punish,16
19274,try way making think punished actually completely caved,21
19275,boy love hate,7
19276,got start firm believe persistent discipline poorest student end oh chief justice supreme court,30
19306,yeah right like gon na let hungry eatin pizza minutes,17
19277,chief justice supreme court great men join john marshall charles evans hughes warren burger mmm burger,21
19278,,5
19279,telling low sink,9
19280,,
19281,right ladies prepare blown away bang bang bart,11
19282,fat,2
19283,love honey,7
19284,,
19285,oh poor baby,4
19286,,
19287,uh oh,2
19288,whazzat,2
19289,hi mom hi dad home boy time flies reading bible ew,16
19290,brought pizza,5
19291,,
19292,start making sense gon na home,16
19293,home,7
19294,crooked home saw minutes,13
19295,good,3
19296,look bad egg son teeth,12
19297,dad stories bart broke teeth nurses stealing money thing neck getting bigger,23
19298,exactly bart teacher talking son wrong look way,21
19299,marge look hangdog expression learned lesson let present,16
19300,homer bad guy,12
19301,right right young man broke grampa teeth gets break,17
19302,oh gon na sweet,6
19303,,3
19304,oh,1
19305,bart sending bed supper,9
19307,bart stop confident,4
19313,eat,8
19314,gee maybe mean time guess better straighten fly,18
19315,bart tell mother brought pizza,11
19316,promise try good,8
19317,promise,2
19318,thataboy,1
19319,sucker,1
19320,,
19321,tooth fairy,8
19322,coming christmas itchy scratchy movie,7
19323,,
19324,bart,1
19325,stick mr bond things starting cook,10
19326,,
19327,bart come quick itchy scratchy movie,9
19328,want suspense romance find itchy scratchy movie coming soon theater near new footage,21
19329,wow,1
19330,bart garbage like asked,10
19331,,3
19332,hey goats outta,6
19333,boy going punished,10
19334,dad punish means think punishment sit sure,23
19335,,
19336,let play milhouse spend afternoon watching unpredictable mexican sitcoms,18
19337,ayy el estomago,3
19338,run ya little scamp,5
19339,,
19340,,
19341,jin gle bells jin gle bells,4
19342,bart,6
19343,,1
19344,time punished,7
19345,punish,6
19346,tricks boy said gon na punish come hell high water wait minute,19
19347,ice cream truck,3
19348,,6
19349,talking boy,7
19350,uh talking time beat jury duty,11
19351,oh yeah trick prejudiced races,12
19352,home,2
19353,got beets,3
19354,bart pulling carpet,7
19355,yuh huh,3
19356,letting,7
19357,,1
19358,punish,3
19359,right right bart room,9
19360,ya funny pages,6
19361,let happen,6
19362,let happen,6
19363,,3
19364,oh convenient,3
19365,homer want son chief justice supreme court sleazy male stripper,19
19366,like late earl warren,9
19367,earl warren stripper,5
19368,naive,4
19369,look help discipline son,8
19370,right marge swear time wrong punish stick,21
19371,tonight eye springfield meet man hiccuping years,15
19372,kill kill,4
19373,examine growing itchy scratchy mania new movie premiering today,15
19374,got ticket,4
19375,live korea hand look american cartoons let look year year seen al capone dancing charleston flagpole,46
19376,year scratchy cartoon entitled happy cat,15
19407,sorry punishment stands,5
19377,film poorly following year scratchy teamed psychotic young mouse named itchy cartoon history cartoon steamboat itchy,32
19378,oh oh,4
19379,war itchy scratchy differences aside teamed fight bigger foe,17
19380,real life itchy scratchy rabid mouse boston attacked killed small cat,21
19381,bart ask watch maggie,8
19382,sounds like,5
19383,hey,4
19384,,
19385,,
19386,oh lord,3
19387,,
19388,aw cute baby driving car,9
19389,look dog driving bus,8
19390,hey,1
19391,rrright time crime spree,7
19392,,
19393,right boy calls biggest punishment handed time gon na stick,19
19394,come homer funny,6
19395,damn right bart itchy scratchy movie,13
19396,,
19397,oh nnnooo beta,3
19398,dad got ta let movie spanking,15
19399,come nuts,4
19400,point thing said going movie sticking,19
19401,dad agree bart punished itchy scratchy movie defining event generation liked told watch moon landing,38
19402,hmm,1
19403,,
19404,small step man giant leap mankind,11
19405,yummy yummy got love feel like,15
19406,love sweet good eat thing,11
19409,regret,3
19410,someday thank son,7
19411,bloody likely,3
19412,true know boy wanted catcher mitt dad held breath passed banged head coffee table doctor thought brain damage,49
19413,dad point story,7
19414,like stories,3
19415,look movie,8
19416,know punishment little harsh welcome watch want tv,25
19417,tv sucks,2
19418,know upset right pretend,13
19419,,
19420,master craftsman mailboxes hour,9
19421,licked entertain matter good movie compare imagination small boy,25
19422,,
19423,,3
19424,great,4
19425,honest,2
19426,greatest movie seen life believe celebrities cameos dustin hoffman michael jackson course use real names tell,39
19427,lisa,1
19428,sorry bart,2
19429,,
19430,,5
19431,seen itchy scratchy movie times,8
19432,seen times,5
19433,guys gettin pretty tired movie,12
19434,saw movie,9
19435,let,3
19436,,
19437,homer like talk,7
19438,wo watching tv bind,14
19439,dad got let bart movie seen like demented melancholia tennessee williams heroine,25
19440,think know,6
19441,months laid law proud think gotten,23
19442,ah sweet soft hearted marge big picture stick guns boy wind chief justice supreme court fail best judge mister tight buns competition let happen wo let happen let happen,60
19443,,
19444,itchy scratchy,5
19445,promised dad,6
19446,,
19447,,
19448,springfield aztec theater months academy awards itchy scratchy movie showing time tomorrow new movie starring liza minnelli mickey rourke open successful time tell,47
19449,dad guess won,6
19450,son won know started road special,21
19451,,
19452,itchy scratchy movie,8
19453,come,5
19454,right think learned lesson,8
19455,senior citizen chief justice supreme court,11
19456,son,4
19457,dollars,7
19458,,
19459,,
19460,soylent green hold butter,6
19461,mmm soylent green,3
19462,mouse,4
19463,itchy,1
19464,itchy jerk,3
19465,yeah,1
19466,,
19467,resident occupant hmm free sample lemon time,8
19468,oooh,4
19469,homer dish washing liquid,5
19470,yeah ya gon na,6
19471,oooh having retirement party plant,11
19472,wish retire,5
19473,boy sweet,4
19474,howdy neighbor good pipe weather thought fire briar,11
19475,talk busy,4
19476,okely dokely,1
19477,notice slanted looked,7
19478,god great plan,6
19479,think house sinking,9
19480,haw haw,2
19481,half assed approach foundation repair,6
19482,hello troy mcclure remember instructional videos mothballing battleship dig grave save hours taking foundation repair ready,45
19483,ready,1
19484,patch cracks slab latex patching compound patching trowel,16
19485,hand patching trowel boy,6
19486,hmm,1
19487,extruded polyvinyl foam insulation,8
19488,,1
19489,good assemble aluminum j channel self furring screws install,9
19490,wha,3
19491,applying brushable coating panels,7
19492,wait minute,3
19493,need corrosion resistant metal stucco lath,7
19494,wait minute,3
19495,find metal stucco lath,7
19496,uh huh,2
19497,use carbon fiber stucco lath,4
19498,,
19499,parge lath,4
19500,bubble,5
19529,certain man,3
19530,certain man,3
19501,afraid west house sinking figure gon na cost oh eighty,20
19502,forget foundation guy town,10
19503,let foundation repair ah,8
19504,leaving vice president charge leaning tower pisa eat heart story level,28
19505,behold horrors slanty shanty twisted creatures dwell meet cue ball man hair,22
19506,huh,1
19507,hideous,2
19508,,5
19509,marge cost eighty dollars bank leaves need,20
19510,job,5
19511,hey follow dream living woods keeping journal thoughts,18
19512,march wish brought tv oh god miss tv,14
19513,hmm think job,10
19514,,
19515,,
19516,,
19517,beautiful expensive train built spruce caboose,13
19518,people said big stay tracks heh heh right,17
19519,retirement party,6
19520,follow headless brakeman,4
19521,power plant retirement party ow right way,8
19522,tonight come honor close friend,11
19523,bo ring,1
19524,man provided burns corporation years faithful service mr jack marley,16
19525,bo ring,1
19526,mr burns mind prepared little musical number jack special night,16
19527,man,4
19528,man,4
19531,man grace handsome face known land know,16
19532,know,4
19533,mister burns,3
19534,mister burns,3
19535,loves enjoys joke,7
19536,ah ha ha ha ha,2
19537,worth times earns,8
19538,mister burns,3
19539,mister burns,3
19540,monty burns,3
19541,mister burns,3
19542,friends known monty mister burns bur bur bur bur bur burns,13
19543,burns,1
19544,mind words,9
19545,oh need attention party eh,15
19546,retire job thing keeps alive married dog dead,23
19547,finished,3
19548,oh yes,4
19549,departure mr marley entry level position open sector bar closed,24
19550,,
19551,,
19552,maybe apply job,7
19553,forget marge live work bible says thou shalt horn thy husband racket,24
19554,bible racket,6
19555,look marge need money bad,13
19556,lisa finished resume,6
19557,uh think needs little padding,8
19558,putting,6
19559,,4
19560,chauffeur seamstress,2
19561,curator large mammals,4
19562,marge seen lunch box,7
19563,oh,3
19564,mom expect lie little,8
19565,worked carter administration,5
19566,voted twice,6
19567,lisa sh listening,6
19568,,
19569,uh huh uh huh oh thought muddy waters wrote song,10
19570,resume impressive let kadibu kadeeboo kazini kazeenee,14
19571,,1
19572,welcome aboard guess swahili good,11
19573,yeah,1
19574,sorry position filled,6
19575,oh dear,2
19576,,
19577,marge making big mistake going day work night home,20
19578,good bad uh uh ooh look headline canada hold referendum sorry marge talk,24
19579,need money life pretty boring week jehovah witnesses came door let leave snuck away went kitchen lemonade,38
19580,yeah lemonade good,4
19581,think wonderful mom dad power plant like marie pierre curie,22
19582,wha dey,3
19583,discovered radium died radiation poisoning,10
19584,hmmm,1
19585,curies flee,6
19586,cool,1
19587,,
